"sunflower","month","month8","month9","year","nosema","mites","state","totalarea","x","y","average_mintemp","average_precip","sunper","sun_acres"
0,9,0,1,2011,0,7.0476189,"AL",32539500,"-85.590271","31.25888",NA,NA,0,0
0,9,0,1,2011,0.40000001,3.7411528,"AL",32535000,"-86.625267","32.51694",16.990314,111.59895,0,0
0,10,0,0,2011,0,3.4446764,"AL",32541300,"-85.266838","31.0335",10,43,0,0
0,9,0,1,2011,0.1,1.2962962,"AL",32526000,"-85.600258","34.6001",13.413868,282,0,0
0,11,0,0,2011,0,15.503876,"AL",32534100,"-88.233452","33.35",7,19,0,0
0,10,0,0,2011,0,16.837782,"AL",32535900,"-86.233391","33.23344",6,19,0,0
0,9,0,1,2011,0,2.8046422,"AL",32531400,"-86.152222","32.46722",21,45.369228,0,0
0,11,0,0,2011,0.050000001,6.6246057,"CA",32535900,"-117.19898","33.36161",12.247206,56,0,0
0,11,0,0,2011,0.40000001,0.73649752,"CA",32531400,"-119.34863","36.21076",11,16.601412,0,0
0,11,0,0,2011,0.15000001,1.3536379,"CA",32536800,"-117.00424","33.469",11.085243,20.772148,0,0
0,11,0,0,2011,0.1,2.9694324,"CA",32533200,"-117.06267","33.51001",11,18.810259,0,0
0,11,0,0,2011,0.050000001,0.089365505,"CA",32541300,"-117.19633","33.18378",12.758982,14,0,0
0,1,0,0,2011,1.3,0.37313432,"CA",32534100,"-120.92345","37.81805",NA,25.892052,0,0
0,2,0,0,2011,0.25,1.9209039,"CA",32525100,"-122.13448","40.56873",NA,146.73386,0,0
27900,2,0,0,2011,0,0,"CA",32526900,"-122.08841","39.76563",NA,96.45298,0.00085775158407349,6.8942340481262
0,8,1,0,2011,0.80000001,6.0240965,"CA",32544000,"-21.732023","37.00767",11.41069,0,0,0
0,10,0,0,2011,0,12.281955,"CO",32537700,"-104.64187","38.57055",2,29,0,0
0,10,0,0,2011,0,5.2681565,"CO",32535000,"-107.90951","38.45101",1.7217894,34,0,0
0,10,0,0,2011,0,1.5901288,"CO",32531400,"-107.68156","39.53131",0,48.000004,0,0
859500,9,0,1,2011,0.30000001,11.565455,"CO",32532300,"-103.08096","39.35919",8,21,0.0264198965335989,212.38688761163
0,9,0,1,2011,0,5.6649485,"CO",28098000,"-103.08134","39.31251",8,19.315987,0,0
0,10,0,0,2011,0,5.4849663,"CO",32543100,"-108.09741","38.66435",1.1243248,25.423746,0,0
0,10,0,0,2011,0,6.8129148,"CO",31591800,"-107.8726","38.42244",1.0139914,34.759762,0,0
0,10,0,0,2011,0,1.3289125,"CO",32530500,"-107.64054","39.52642",0,48.409595,0,0
0,10,0,0,2011,0,24.522459,"CO",32537700,"-104.39984","38.22364",2,30.279127,0,0
0,10,0,0,2011,0,8.3199148,"CO",32537700,"-104.64187","38.57055",2,29,0,0
0,3,0,0,2011,2.55,0.82204366,"FL",32537700,"-82.349113","28.45842",12,53,0,0
0,4,0,0,2011,0.050000001,4.4433284,"FL",32535000,"-82.30024","28.53337",15,58,0,0
0,4,0,0,2011,0,5.1639342,"FL",32543100,"-82.250198","28.36679",15,64,0,0
0,4,0,0,2011,0.050000001,2.2293122,"FL",32526900,"-82.250031","27.98856",14.00148,43.961052,0,0
0,4,0,0,2011,0.5,2.6829269,"FL",32532300,"-82.233559","27.95017",14.526611,43.104439,0,0
0,3,0,0,2011,0.89999998,2.8888888,"FL",32535900,"-81.600182","28.05017",15,28,0,0
0,3,0,0,2011,1.6,0,"FL",32530500,"-82.250153","28.4167",12,44.999996,0,0
0,3,0,0,2011,1.15,13.730159,"FL",32535000,"-82.250183","28.41687",14,21.49481,0,0
0,4,0,0,2011,0.75,0.87113404,"FL",32537700,"-82.319656","28.40552",14.535997,61.071999,0,0
0,3,0,0,2011,0.30000001,1.24,"FL",32539500,"-81.466713","27.5501",14,55.713978,0,0
0,10,0,0,2011,0.050000001,1.0270776,"ID",32523300,"-87.954453","42.45719",0.20842743,37.795513,0,0
0,10,0,0,2011,0.1,2.5,"ID",32536800,"-89.48111","38.13027",-1,87.094589,0,0
0,9,0,1,2011,0,2.5335321,"ID",32522400,"-91.098335","40.15527",9,4,0,0
0,9,0,1,2011,0.050000001,12.732096,"ID",32548500,"-89.164444","41.31861",5.0214558,35.783161,0,0
0,8,1,0,2011,0,2.2026432,"IN",32530500,"-93.214912","42.08352",19.149057,32.973671,0,0
0,8,1,0,2011,0.5,7.9027357,"IN",32523300,"-91.365067","42.7619",15.516527,82.384125,0,0
0,8,1,0,2011,0,2.3675311,"IN",32530500,"-91.352707","42.77732",NA,NA,0,0
0,9,0,1,2011,0,37.155964,"IN",32526000,"-91.129898","42.77639",16,55.493301,0,0
0,9,0,1,2011,0,17.89925,"IN",32546700,"-92.128418","43.45822",11.77462,140.52191,0,0
0,9,0,1,2011,0.34999999,0.85653102,"IN",27713700,"-94.707603","40.63288",11.82563,140.55063,0,0
0,10,0,0,2011,0.75,0,"IN",32522400,"-94.126663","41.83121",10.867897,142.65363,0,0
0,10,0,0,2011,0,1.4084507,"IN",32530500,"-92.798218","41.77545",12,128.98158,0,0
0,10,0,0,2011,0.30000001,3.75,"IN",32544900,"-93.974838","42.15957",11,132,0,0
0,10,0,0,2011,0.050000001,9.2171717,"IN",32529600,"-95.226799","42.15005",6.6143312,75.617256,0,0
0,7,0,0,2011,2.55,0,"NY",32531400,"-100.28619","46.7934",16.287134,40.419621,0,0
0,7,0,0,2011,1.3,2.0033388,"NY",32195700,"-100.92752","48.07753",14,62.398056,0,0
54900,7,0,0,2011,0.44999999,3.6363637,"NY",32543100,"-101.54951","46.71333",13.507357,70.391083,0.00168699355623773,13.5660734495387
0,7,0,0,2011,2.8,5.9859157,"NY",29182590,"-98.32415","48.54391",17,40.708084,0,0
0,7,0,0,2011,0,0.23696682,"NY",32538600,"-97.515404","47.9552",16.518364,28.014297,0,0
0,8,1,0,2011,0,5.4197664,"NY",30114000,"-97.347397","47.84056",16.461166,29.217119,0,0
0,8,1,0,2011,0,6.4573989,"NY",32529600,"-98.8675","47.7369",15.754295,25.530745,0,0
0,8,1,0,2011,0.44999999,1.8563358,"NY",32519700,"-98.182503","47.68636",17,46.419563,0,0
0,8,1,0,2011,0.2,0.26143792,"NY",32525100,"-97.028336","47.93416",14.541,32.823147,0,0
0,8,1,0,2011,0.30000001,1.2777404,"NY",32526000,"-99.323051","47.26611",14.286829,141.25378,0,0
1378800,8,1,0,2011,0.25,0,"SD",32535900,"-100.03304","45.5254",14,90.316788,0.0423778042101187,340.708598765463
100800,8,1,0,2011,0.1,0,"SD",32540400,"-100.01605","43.73505",15.620405,81.567635,0.00309768779732271,24.9082004319398
0,8,1,0,2011,0.050000001,1.6728624,"SD",32535900,"-96.780922","42.94266",15,70.135834,0,0
38700,9,0,1,2011,0,10.662604,"SD",32529600,"-97.169991","45.4099",14.721189,43.614292,0.00118968570163789,9.56296980869118
1346400,9,0,1,2011,0,0.52356023,"SD",32527800,"-100.54326","44.69499",8,17,0.0413922859830668,332.702391483768
3600,9,0,1,2011,0.25,0.52750564,"SD",32544000,"-98.468323","44.62224",7,18.523771,0.000110619469026549,0.889578586854994
62100,9,0,1,2011,0,12.693247,"SD",32539500,"-99.02356","44.89316",NA,NA,0.00190844973032776,15.3452306232486
1800,10,0,0,2011,0.1,0.071736008,"SD",32537700,"-97.835297","44.93888",7.5612688,16,5.53204436699582e-05,0.444789293427497
0,10,0,0,2011,0,0.34512511,"SD",32530500,"-97.004837","43.50348",4,19.568623,0,0
0,10,0,0,2011,0.2,5.4313097,"SD",32542200,"-97.36615","44.23492",3,21.303244,0,0
0,9,0,1,2011,0.050000001,8.917222,"TN",32527800,"-82.645378","36.41223",17,60,0,0
0,9,0,1,2011,0.1,11.894679,"TN",32525100,"-84.050781","35.75923",15,212.33354,0,0
0,9,0,1,2011,1.1,0.4008159,"TN",32420700,"-84.421249","35.01615",NA,NA,0,0
0,9,0,1,2011,0,2.9642556,"TN",32091300,"-84.421249","35.07123",12.949497,187.25761,0,0
0,10,0,0,2011,0,5.5313377,"TN",32526000,"-89.623466","35.34575",15,94.544914,0,0
0,10,0,0,2011,2.1500001,2.4768178,"TN",32521500,"-89.608704","35.40211",14.970692,97.000008,0,0
0,9,0,1,2011,0,6.6463075,"TN",32525100,"-85.605881","36.14506",17,25.057835,0,0
0,8,1,0,2011,0,1.6939783,"TN",32534100,"-85.231018","36.09135",17,26,0,0
0,9,0,1,2011,0,8.757576,"TN",32324400,"-86.03801","36.62451",18,24.546923,0,0
0,8,1,0,2011,0,13.224014,"TN",31623300,"-85.660912","36.17413",17.565704,26.514879,0,0
0,7,0,0,2011,0,7.8235292,"TX",32522400,"-96.240288","30.58177",24,9.4919138,0,0
0,9,0,1,2011,0.050000001,2.5400214,"TX",32538600,"-96.383438","32.96678",17,39.33646,0,0
0,9,0,1,2011,0,3.3178773,"TX",32336100,"-96.383438","32.96678",17,39.33646,0,0
4500,9,0,1,2011,0,1.0199004,"TX",32539500,"-96.371101","33.19422",17,34.536804,0.000138293458719403,1.11197323356874
0,9,0,1,2011,0,0.42739725,"TX",32535900,"-96.306541","33.25141",17,34,0,0
0,10,0,0,2011,0,3.2202601,"TX",32529600,"-97.317223","31.1441",19,17,0,0
0,10,0,0,2011,0,2.3202639,"TX",32540400,"-97.397255","31.12797",19,18.630198,0,0
0,10,0,0,2011,0,2.5038867,"TX",32529600,"-96.03125","30.29323",12,49.551846,0,0
0,10,0,0,2011,0,0.12769231,"TX",32520600,"-94.655472","29.9956",12.989836,67,0,0
0,10,0,0,2011,1.85,4.4662576,"TX",32527800,"-94.766579","30.12449",12.524242,68.593117,0,0
0,9,0,1,2011,0,3.9834025,"WI",32542200,"-77.852371","39.57733",NA,NA,0,0
0,9,0,1,2011,0.2,8.5015936,"WI",32538600,"-77.949829","39.30229",14,53.999668,0,0
0,9,0,1,2011,0,0.85158151,"WI",32520600,"-79.715622","39.0424",NA,NA,0,0
0,9,0,1,2011,0,0,"WI",32519700,"-78.602669","39.42838",15,45.984047,0,0
0,9,0,1,2011,0.15000001,0,"WI",32537700,"-78.925568","39.32926",14.258522,49,0,0
0,9,0,1,2011,0.1,3.7810946,"WI",32539500,"-78.542877","39.13816",14,62.388908,0,0
0,9,0,1,2011,0,2.6641295,"WI",32530500,"-80.175697","39.32856",8.8481159,103.20614,0,0
0,9,0,1,2011,0.1,4.2035398,"WI",32538600,"-80.730324","39.90624",8,92.496681,0,0
0,9,0,1,2011,0.85000002,0.77594566,"WI",32539500,"-80.380821","39.35989",NA,NA,0,0
0,9,0,1,2011,0,1.7730496,"WI",32536800,"-79.855904","39.19693",9,87,0,0
0,10,0,0,2012,0,0,"AL",32525100,"-87.736153","33.91605",14,135.20659,0,0
0,10,0,0,2012,0.050000001,2.1059113,"AL",32533200,"-85.346649","31.15535",19,136.4343,0,0
0,9,0,1,2012,0,11.132621,"AL",32518800,"-86.190002","32.345",21,118.5089,0,0
0,10,0,0,2012,0,22.680864,"AL",32537700,"-85.369942","32.67616",16,64,0,0
0,10,0,0,2012,0,1.623608,"AL",32530500,"-85.389076","31.32546",18,111.92069,0,0
0,10,0,0,2012,0,5.5758076,"AL",32541300,"-85.483612","32.76859",8,49,0,0
0,10,0,0,2012,0,11.593337,"AL",32532300,"-88.132652","30.84325",12,75.808952,0,0
0,7,0,0,2012,0,2.180758,"AR",32531400,"-90.349197","35.94946",18,45.186768,0,0
0,10,0,0,2012,0,14.005907,"AR",32537700,"-90.326103","35.14944",9,111.69351,0,0
0,8,1,0,2012,0,12.609271,"AR",32539500,"-94.334877","35.98923",18,83,0,0
0,8,1,0,2012,0,4.8917646,"AR",32537700,"-91.561127","34.93948",21,114.15905,0,0
0,8,1,0,2012,0,3.2592819,"AR",32522400,"-91.241493","35.60085",19.469042,71.93808,0,0
0,9,0,1,2012,0,4.7519426,"AR",32018400,"-91.183502","33.62194",21,112.18388,0,0
0,9,0,1,2012,0,6.0044198,"AR",32525100,"-92.12619","34.66275",18,119,0,0
0,10,0,0,2012,0,5.4610391,"AR",32529600,"-92.012947","34.66691",9,88.770393,0,0
0,9,0,1,2012,0,11.365639,"AR",30826800,"-91.245026","33.47475",21,120.45522,0,0
0,7,0,0,2012,0,2.8849347,"AR",32531400,"-92.501579","34.91122",NA,NA,0,0
0,1,0,0,2012,NA,NA,"CA",32524200,"-122.5742","39.37223",NA,NA,0,0
16200,3,0,0,2012,3,0,"CA",32532300,"-121.83425","39.62484",5,40,0.000497966636235372,4.00310364084747
1800,2,0,0,2012,0,0,"CA",32534100,"-122.23859","40.55967",NA,NA,5.53265650502089e-05,0.444789293427497
14400,3,0,0,2012,NA,NA,"CA",32535000,"-121.92225","39.77523",NA,NA,0.000442600276625173,3.55831434741997
374400,2,0,0,2012,NA,NA,"CA",32543100,"-122.0863","39.79581",2,8.9007692,0.0115047429408999,92.5161730329193
0,2,0,0,2012,NA,NA,"CA",32529600,"-122.0199","44.51371",-2.5935645,155.34207,0,0
0,11,0,0,2012,0,2.2556391,"CA",32534100,"-116.9826","33.29065",12.257269,12,0,0
0,3,0,0,2012,7.9499998,0,"CA",32536800,"-121.83425","39.62484",5,40,0,0
0,3,0,0,2012,0,0,"CA",32262300,"-122.13748","39.79748",2,8.1918926,0,0
0,2,0,0,2012,0.60000002,0,"CA",32541300,"-122.44086","40.25243",0.43685246,26.435141,0,0
82800,3,0,0,2012,NA,NA,"CA",32531400,"-122.00952","38.50881",2,6,0.00254523322082665,20.4603074976649
0,2,0,0,2012,NA,NA,"CA",32538600,"-121.63702","39.62512",1,26,0,0
0,11,0,0,2012,0.2,2.0628932,"CA",32534100,"-116.96105","33.08327",11.585457,15.585457,0,0
0,11,0,0,2012,0.050000001,1.54811,"CA",32540400,"-117.0277","33.47396",12,9.6189165,0,0
0,11,0,0,2012,0,3.7258568,"CA",32540400,"-116.85839","33.44556",10.569229,8,0,0
0,11,0,0,2012,0,0.25917253,"CA",32523300,"-117.02754","33.31723",12.970879,12,0,0
0,11,0,0,2012,0.94999999,7.575491,"CA",32532300,"-116.30785","33.66949",17.444498,0,0,0
0,11,0,0,2012,1.4,4.7142859,"CA",32521500,"-117.04174","33.3182",12.999596,12,0,0
0,11,0,0,2012,0,0,"CA",32536800,"-117.19459","33.18385",13.622726,15,0,0
1800,3,0,0,2012,NA,NA,"CA",32536800,"-122.24222","40.56475",NA,NA,5.53219738880283e-05,0.444789293427497
0,11,0,0,2012,0,0.54462403,"CA",32535900,"-117.1624","33.20887",13.485121,14.582026,0,0
0,11,0,0,2012,0.25,11.422164,"CA",32537700,"-117.17894","33.23829",13.973701,14.031084,0,0
943200,3,0,0,2012,0,0,"CA",32526900,"-122.00368","39.70852",1,10,0.0289975374228715,233.069589756008
0,11,0,0,2012,0,19.596195,"CA",32534100,"-117.00365","33.505",12,9.1198549,0,0
0,7,0,0,2012,NA,NA,"CO",32535000,"-105.91186","37.4347",NA,NA,0,0
0,7,0,0,2012,0.050000001,2.0699637,"CO",32535900,"-105.77973","37.4696",4.4690676,3,0,0
0,9,0,1,2012,NA,NA,"CO",32540400,NA,NA,NA,NA,0,0
16200,7,0,0,2012,NA,NA,"CO",32534100,"-105.07607","40.6139",NA,NA,0.00049793908545188,4.00310364084747
0,7,0,0,2012,0.15000001,3.5807421,"CO",32519700,"-105.90155","37.37131",4,1.4781146,0,0
0,7,0,0,2012,0.40000001,5.4554458,"CO",32519700,"-105.82048","37.48475",4,3,0,0
0,7,0,0,2012,NA,NA,"CO",31302900,"-105.07983","40.60599",NA,NA,0,0
0,7,0,0,2012,0,1.9396051,"CO",32547600,"-106.01139","37.4151",4,2,0,0
0,11,0,0,2012,0,6.3134923,"FL",32530500,"-85.631706","30.1969",NA,NA,0,0
0,11,0,0,2012,0,2.5222311,"FL",32537700,"-85.660767","30.47209",NA,NA,0,0
0,10,0,0,2012,0.40000001,0.82435346,"FL",32532300,"-87.298218","30.43219",NA,NA,0,0
0,10,0,0,2012,0,0,"FL",32529600,"-87.020287","30.62677",NA,NA,0,0
0,9,0,1,2012,0,2.1288517,"GA",32534100,"-82.117737","31.55252",21,227.3998,0,0
0,9,0,1,2012,0.2,3.4285715,"GA",32520600,"-82.147293","32.9407",20,221.08002,0,0
0,9,0,1,2012,0,7.3544574,"GA",32530500,"-83.450058","31.88294",21,160,0,0
18000,8,1,0,2012,0,0,"GA",32542200,"-82.044113","32.19953",21,219,0.000553127938492173,4.44789293427497
0,8,1,0,2012,0.1,6.3616071,"GA",32527800,"-82.217178","31.62987",21,228,0,0
0,8,1,0,2012,0,5.2365341,"GA",32529600,"-82.542168","32.04935",21,191,0,0
0,8,1,0,2012,0,0.50530255,"GA",32526900,"-82.240471","31.45709",21,214.34996,0,0
0,8,1,0,2012,0.050000001,0.20275162,"GA",32529600,"-82.527092","31.72109",22,88.654617,0,0
0,8,1,0,2012,0.1,0.31910276,"GA",31438800,"-82.270142","31.4472",21,213.11169,0,0
0,6,0,0,2012,0.25,0.45555556,"IA",32540400,"-92.318703","41.96659",15.487278,119.51272,0,0
0,6,0,0,2012,0,1.2359034,"IA",32536800,"-91.611839","42.95805",14,226.3936,0,0
0,6,0,0,2012,0,1.184,"IA",32533200,"-92.688553","41.22813",15.013281,76.586227,0,0
0,6,0,0,2012,0,0.96946567,"IA",32532300,"-93.713097","41.4925",16,98.555473,0,0
0,6,0,0,2012,0.050000001,1.7325,"IA",32535000,"-93.511017","41.43835",16,96.697945,0,0
0,6,0,0,2012,0.050000001,2.5036819,"IA",32526900,"-93.08577","41.29869",16,93.822739,0,0
0,6,0,0,2012,0,5.2950392,"IA",24904800,"-92.629211","41.23117",15.789751,77,0,0
0,6,0,0,2012,0.2,0.10325048,"IA",32537700,"-91.833443","41.82618",15,147.95731,0,0
0,6,0,0,2012,1.3,2.5854115,"IA",10396800,"-93.729729","41.50027",16,98.54184,0,0
0,6,0,0,2012,0,0.24218124,"IA",32529600,"-92.790993","41.59919",15,102.66452,0,0
0,9,0,1,2012,0,6.1921072,"IL",32526900,"-89.795525","35.15527",10,109,0,0
0,10,0,0,2012,0,3.9286821,"IL",32533200,"-89.946945","38.67166",NA,NA,0,0
0,10,0,0,2012,0,20.426573,"IL",32537700,"-87.836945","41.65527",11,132,0,0
0,5,0,0,2012,0,3.8700907,"IL",32524200,"-90.223053","42.31722",NA,NA,0,0
0,4,0,0,2012,0,12.078947,"IL",32530500,"-87.864441","40.93555",NA,NA,0,0
0,5,0,0,2012,0,2.1814926,"IL",29525400,"-88.955833","39.87722",6,94.907394,0,0
0,5,0,0,2012,1.95,0.34246576,"IL",32527800,"-88.557404","1.88081",11,167.0713,0,0
0,9,0,1,2012,1,2.6935484,"IL",32527800,"-89.102013","37.97645",13,240,0,0
0,8,1,0,2012,0,8.2469044,"IN",32528700,"-85.87812","40.58182",14,118,0,0
0,8,1,0,2012,0,9.3034573,"IN",32528700,"-86.387939","39.56603",15.649372,142.64937,0,0
0,8,1,0,2012,0,3.517909,"IN",32535900,"-87.453979","38.87936",16,84.38549,0,0
0,8,1,0,2012,0.050000001,3.056067,"IN",32530500,"-86.489449","39.86488",14.392683,140.60733,0,0
0,9,0,1,2012,0,3.4218378,"IN",32523300,"-86.624321","39.38313",14.356674,105.85339,0,0
0,9,0,1,2012,0,10.61141,"IN",32540400,"-85.762718","39.74056",11,190.37627,0,0
0,10,0,0,2012,0,3.3271029,"IN",32545800,"-87.561058","38.59273",6,90.045677,0,0
0,5,0,0,2012,0.5,0.64223385,"IN",32539500,"-86.17746","38.81403",11.073698,79.525146,0,0
0,5,0,0,2012,0.40000001,0.91545576,"IN",32541300,"-86.173798","38.81412",11.050228,79.510628,0,0
0,5,0,0,2012,0.30000001,0,"IN",30632400,"-86.225945","38.84332",11.911865,80.802361,0,0
0,6,0,0,2012,0,4.2429738,"LA",32534100,"-92.303307","30.13613",21.53583,112.6075,0,0
0,7,0,0,2012,0.2,6.9161677,"LA",32528700,"-91.716682","30.93342",21,94.476906,0,0
0,7,0,0,2012,0,3.9068515,"LA",32535900,"-91.216721","30.30002",23,221.65099,0,0
0,8,1,0,2012,0.050000001,4.3495498,"LA",32535000,"-91.91671","31.00015",22,126,0,0
0,9,0,1,2012,0.40000001,6.9072165,"LA",32532300,"-92.060158","31.0035",22,155.10893,0,0
0,9,0,1,2012,0,2.5108695,"LA",32514300,"-92.000252","30.9335",22,159.48355,0,0
0,10,0,0,2012,0,13.34126,"LA",32535000,"-89.883415","30.53356",11,39,0,0
0,10,0,0,2012,0.050000001,5.0971994,"LA",32526900,"-89.983345","29.70025",15,25.424274,0,0
0,11,0,0,2012,0.40000001,5.6980934,"LA",32535900,"-90.1707","30.42874",13,29.359453,0,0
0,11,0,0,2012,0.34999999,1.7022767,"LA",23208300,"-92.303238","30.13609",7,45.530846,0,0
0,5,0,0,2012,0.2,1.6140351,"LA",32537700,"-90.899315","30.38126",12,187.4691,0,0
0,7,0,0,2012,1.55,11.631206,"MA",32537700,"-70.909927","41.89767",13,89.207245,0,0
0,10,0,0,2012,0.050000001,26.276943,"MA",32534100,"-71.357437","42.19735",NA,NA,0,0
0,10,0,0,2012,0,8.521739,"MA",32536800,"-71.139839","41.80848",7.4160986,143.1678,0,0
0,10,0,0,2012,0,17.835897,"MA",32537700,"-71.642448","42.16906",6,139.08002,0,0
0,10,0,0,2012,0.64999998,24.645161,"MA",32532300,"-71.270302","42.31519",11,98.657425,0,0
0,10,0,0,2012,0,1.973384,"MA",32510700,"-71.353409","42.24151",10.379963,104.0424,0,0
0,7,0,0,2012,0.60000002,8.4019203,"MA",32527800,"-71.321678","42.29604",NA,NA,0,0
0,10,0,0,2012,0,24.904228,"MA",32539500,"-72.739372","42.60579",8.4345016,162.69649,0,0
0,10,0,0,2012,0.1,7.8498659,"MA",31961700,"-71.139839","41.80848",7.4160986,143.1678,0,0
0,10,0,0,2012,0,23.405798,"MA",31635900,"-71.713112","42.16093",11,118.32134,0,0
0,10,0,0,2012,0,2.5543859,"MA",32542200,"-70.91008","41.98723",6,136.02605,0,0
0,9,0,1,2012,0,8.3234167,"MD",32535900,"-76.743088","39.58322",18,109.70014,0,0
0,9,0,1,2012,0,9.7855835,"MD",32533200,"-76.845551","39.46447",18.342222,112.97334,0,0
0,9,0,1,2012,0,6.8297362,"MD",32526000,"-76.553467","39.41573",19.65296,131.7352,0,0
0,10,0,0,2012,0,2.9342682,"MD",32526900,"-75.458252","38.34775",15,150,0,0
900,10,0,0,2012,0.25,31.40394,"MD",32528700,"-76.33873","39.64489",8,254.39813,2.76678748305343e-05,0.222394646713748
1800,4,0,0,2012,10.8,0,"MD",32542200,"-76.815132","38.08853",8,96.5233,5.53127938492173e-05,0.444789293427497
0,4,0,0,2012,1.5,3.0648246,"MD",32542200,"-76.634903","38.36908",6,103.49306,0,0
0,5,0,0,2012,0.050000001,0.86705202,"MD",32537700,"-76.717728","39.21899",12,92,0,0
0,6,0,0,2012,0.2,0.24685714,"MD",32536800,"-76.856087","39.15651",11,109.06853,0,0
0,6,0,0,2012,0,2.6339869,"MD",21825900,"-76.3657","39.37057",NA,NA,0,0
1800,10,0,0,2012,0.050000001,13.952163,"MI",32527800,"-84.121788","43.4058",9,46.824196,5.53372807260251e-05,0.444789293427497
0,9,0,1,2012,0,7.2341771,"MI",32527800,"-85.705162","43.74193",11,80.999443,0,0
0,10,0,0,2012,0.050000001,23.053167,"MI",32521500,"-86.402428","42.09182",11,70.82209,0,0
0,9,0,1,2012,0,10.656109,"MI",32533200,"-86.164886","42.8108",15,66.441719,0,0
900,10,0,0,2012,0,18.637808,"MI",32541300,"-83.875183","43.03625",9,68,2.76571618220538e-05,0.222394646713748
0,10,0,0,2012,0,10.609687,"MI",32532300,"-85.016273","42.77476",10,55.052307,0,0
0,10,0,0,2012,0,2.2068617,"MI",32531400,"-85.197502","42.85737",4,134.14648,0,0
0,10,0,0,2012,0.050000001,15.785114,"MI",32542200,"-83.238708","42.32169",11,46.269989,0,0
0,10,0,0,2012,0.1,4.488914,"MI",32529600,"-86.250427","41.99003",11,64.418434,0,0
0,10,0,0,2012,0.5,11.267056,"MI",26155800,"-86.248413","42.42883",11,55.000004,0,0
0,5,0,0,2012,2.8,0,"MN",32536800,"-94.478798","44.93796",7,108.44905,0,0
0,6,0,0,2012,0,1.1696905,"MN",32537700,"-96.266449","47.76061",6,128,0,0
0,6,0,0,2012,0.050000001,0.18379685,"MN",32536800,"-94.389503","46.60478",5,101,0,0
4500,6,0,0,2012,4.9000001,0.51133275,"MN",32530500,"-96.273521","47.50076",6,135.36703,0.000138331719463273,1.11197323356874
0,6,0,0,2012,0.2,0.44628099,"MN",32535000,"-93.1987","44.41464",8,91.345589,0,0
0,6,0,0,2012,0.69999999,0,"MN",32541300,"-94.668381","45.30962",6,95.399368,0,0
0,6,0,0,2012,0.2,3.2669039,"MN",32529600,"-93.957481","44.43004",7,93.88887,0,0
0,5,0,0,2012,0.15000001,3.1822972,"MN",32540400,"-92.575089","43.91798",7,263.44458,0,0
2700,6,0,0,2012,0,0.24109015,"MN",31827600,"-96.194939","47.49263",NA,NA,8.48320325755005e-05,0.667183940141245
0,6,0,0,2012,0.60000002,0,"MN",32527800,"-94.55043","47.74293",3,73.279793,0,0
2700,9,0,1,2012,0,6.753521,"NC",32532300,"-79.77755","35.23866",19,150.03023,8.2994439372562e-05,0.667183940141245
538200,8,1,0,2012,NA,NA,"NC",32535900,"-81.280434","36.18457",NA,NA,0.0165417277530359,132.991998734822
0,9,0,1,2012,0,5.0578513,"NC",32525100,"-79.109467","36.20071",NA,NA,0,0
900,4,0,0,2012,NA,NA,"NC",32544900,"-80.505402","5.5414 W",NA,NA,2.76541024861038e-05,0.222394646713748
900,9,0,1,2012,NA,NA,"NC",32536800,NA,"34.42.14",NA,NA,2.76609869440142e-05,0.222394646713748
1833300,7,0,0,2012,0.15000001,18.890678,"ND",32539500,"-101.25905","46.52166",15,60.245701,0.0563407550822846,453.017895355906
611100,7,0,0,2012,0.34999999,0.88357586,"ND",32532300,"-100.03865","48.41329",10,83.238609,0.0187844081113232,151.005965118635
26100,6,0,0,2012,1.7,1.2551985,"ND",32531400,"-98.874977","48.30481",11,73.404861,0.000802301776130139,6.4494447546987
4500,6,0,0,2012,0.40000001,0.21810406,"ND",32521500,"-99.397797","48.3031",11,90.261139,0.0001383700013837,1.11197323356874
6300,7,0,0,2012,0,0,"ND",32539500,"-100.36302","48.71565",10,77.241837,0.000193610842207164,1.55676252699624
45900,6,0,0,2012,0.050000001,8.6663513,"ND",32534100,"-97.333557","47.93345",12,54.443108,0.00141082740878033,11.3421269824012
0,6,0,0,2012,1.3,4.9330955,"ND",32538600,"-98.166763","48.43347",10.74122,70.075569,0,0
8100,6,0,0,2012,0.1,0.43701801,"ND",32541300,"-97.500076","97.50008",12,52.403301,0.000248914456398484,2.00155182042374
13500,7,0,0,2012,0.2,3.4569535,"ND",32535900,"-99.600014","46.55024",16,50.446014,0.000414926281430666,3.33591970070623
0,6,0,0,2012,1,0,"ND",30252600,"-99.397797","48.3031",11,90.261139,0,0
0,5,0,0,2012,NA,NA,"NE",32527800,"-6.3632898","41.0586",9,168.94916,0,0
0,5,0,0,2012,NA,NA,"NE",32529600,"-98.282906","40.9885",9,168.11006,0,0
0,5,0,0,2012,NA,NA,"NE",32517000,"-96.425011","41.1581",9,164.80045,0,0
0,5,0,0,2012,NA,NA,"NE",32528700,"-98.336342","40.8957",9,161.68262,0,0
0,6,0,0,2012,NA,NA,"NE",32540400,"-96.638924","40.6556",9,209.41803,0,0
0,5,0,0,2012,NA,NA,"NE",23412600,"-98.306839","40.91341",9,163.22803,0,0
0,5,0,0,2012,NA,NA,"NE",32540400,"-96.35994","41.15493",NA,NA,0,0
0,6,0,0,2012,NA,NA,"NE",32536800,"-96.841034","40.7459",9,202,0,0
0,5,0,0,2012,NA,NA,"NE",32544000,"-98.320747","40.8292",9,161.39993,0,0
0,6,0,0,2012,NA,NA,"NE",32535900,"-97.995956","40.6058",15,32.375206,0,0
0,9,0,1,2012,NA,1.1708254,"NJ",31734900,"-74.57","40.46399",13,70.754555,0,0
0,8,1,0,2012,0,4.625083,"NJ",32526900,"-74.602478","39.50298",19,129,0,0
0,8,1,0,2012,0,0.82488477,"NJ",32542200,"-74.915863","39.91605",18,115,0,0
0,8,1,0,2012,0.25,1.7757847,"NJ",32422500,"-75.096542","39.73638",19,111.71315,0,0
0,9,0,1,2012,0.75,10.432805,"NJ",32542200,"-74.217613","40.01583",18,131.99567,0,0
0,9,0,1,2012,0.34999999,25.702271,"NJ",32527800,"-74.489357","40.06786",18,121.77918,0,0
0,8,1,0,2012,0.55000001,1.4212219,"NJ",32533200,"-74.863518","39.49589",18,125,0,0
0,8,1,0,2012,2.2,12.93424,"NJ",32524200,"-74.883217","39.20327",19,123.61556,0,0
0,9,0,1,2012,0.050000001,5.4658537,"NJ",32540400,"-74.307968","39.77205",18,136.50345,0,0
0,8,1,0,2012,0,0.53149605,"NY",32525100,"-76.927147","42.94159",18,72.384926,0,0
0,8,1,0,2012,0,1.8005391,"NY",32549400,"-78.495987","43.16812",16,49.661434,0,0
0,6,0,0,2012,0,3.8967469,"NY",32544000,"-75.245857","42.53421",10.673166,74.653664,0,0
0,7,0,0,2012,0,0.59652174,"NY",32538600,"-75.927681","44.17786",13,85.959129,0,0
0,7,0,0,2012,0.25,3.2744186,"NY",32530500,"-76.638962","43.2702",17,55.469788,0,0
0,7,0,0,2012,0.30000001,2.8424306,"NY",32528700,"-78.889908","42.32523",15,102.45092,0,0
0,7,0,0,2012,0.050000001,6.9312782,"NY",29938500,"-76.829491","43.24628",14,72.661095,0,0
0,7,0,0,2012,0.050000001,2.5803144,"NY",32537700,"-74.236954","41.52927",13.399834,81.600998,0,0
0,7,0,0,2012,0,NA,"NY",32530500,"-76.627136","43.18376",17,58.14278,0,0
900,7,0,0,2012,0,10.643664,"NY",32543100,"-77.985519","43.0796",17,51.999996,2.76556320694709e-05,0.222394646713748
0,9,0,1,2012,0,3.7,"OH",32548500,"-82.27327","38.98133",NA,NA,0,0
0,7,0,0,2012,NA,NA,"OH",32534100,"-83.240799","39.7075",NA,NA,0,0
0,7,0,0,2012,NA,NA,"OH",32528700,"-83.554901","41.0353",NA,NA,0,0
0,7,0,0,2012,NA,NA,"OH",32527800,"-82.865288","40.39558",NA,NA,0,0
0,7,0,0,2012,NA,NA,"OH",20289600,"-84.812202","39.53205",15,111.82617,0,0
0,7,0,0,2012,NA,NA,"OH",32541300,"-84.482903","39.2078",NA,NA,0,0
0,7,0,0,2012,NA,NA,"OH",32530500,"-84.477699","9.4789 W",16,110.8452,0,0
0,7,0,0,2012,NA,NA,"OH",32518800,"-83.129601","39.6525",NA,NA,0,0
0,7,0,0,2012,NA,NA,"OH",32539500,"-84.017899","39.9829",NA,NA,0,0
0,7,0,0,2012,NA,NA,"OH",32540400,"-83.519096","41.1564",NA,NA,0,0
0,9,0,1,2012,1.15,8.2601261,"OK",32535900,"-97.724869","34.76671",16.461294,94,0,0
0,10,0,0,2012,0,9.5547447,"OK",32548500,"-99.980087","36.9408",13,44.679752,0,0
3600,8,1,0,2012,0,4.4924154,"OK",32530500,"-97.280457","35.57016",21,73,0.000110665375570618,0.889578586854994
0,4,0,0,2012,0.44999999,0,"OK",32536800,"-94.769386","34.05284",NA,NA,0,0
0,4,0,0,2012,0.34999999,0,"OK",32373900,"-95.116325","33.96156",8,80.72654,0,0
0,6,0,0,2012,0.15000001,4.3923831,"OK",32538600,"-95.672173","35.93092",19,75,0,0
0,5,0,0,2012,1.05,7.1322436,"OK",32537700,"-98.113197","35.5752",4,139.92636,0,0
0,4,0,0,2012,0.1,0.11426492,"OK",32527800,"-95.2584","34.00114",8,79.873001,0,0
0,9,0,1,2012,0.30000001,3.6643026,"OK",32541300,"-97.409195","35.88131",NA,NA,0,0
0,11,0,0,2012,0,7.6999998,"OK",32532300,"-99.002167","236.6378",5,8,0,0
1800,7,0,0,2012,0,2.5762196,"PA",32524200,"-75.708076","40.70171",13,118,5.5343405833195e-05,0.444789293427497
0,8,1,0,2012,0,6.4512272,"PA",32534100,"-76.800461","41.65395",13,89.060448,0,0
0,10,0,0,2012,0,10.652055,"PA",32536800,"-77.127357","41.55345",8,140.7066,0,0
0,6,0,0,2012,0,1.0183151,"PA",32539500,"-75.819283","40.55831",14.496536,184.01385,0,0
0,9,0,1,2012,0.89999998,4.4193549,"PA",32534100,"-77.57869","40.59259",11,134,0,0
0,6,0,0,2012,0.30000001,3.0363972,"PA",32539500,"-76.846809","40.09348",NA,NA,0,0
2700,10,0,0,2012,0.15000001,5.7830029,"PA",32533200,"-76.858849","41.05728",NA,NA,8.29921434104238e-05,0.667183940141245
0,9,0,1,2012,0,1.8127209,"PA",32526000,"-77.334976","41.16286",15,96,0,0
0,9,0,1,2012,0,7.2913146,"PA",32529600,"-77.013733","40.99683",14.622688,93.245369,0,0
0,6,0,0,2012,0,1.7374728,"PA",32535000,"-75.417923","40.28095",15,208.29964,0,0
0,4,0,0,2012,NA,NA,"SC",32527800,"-79.493172","34.45457",9,113.53522,0,0
0,7,0,0,2012,NA,NA,"SC",32534100,"-81.873558","35.00366",NA,NA,0,0
0,4,0,0,2012,NA,NA,"SC",32524200,"-80.035179","33.91884",2,73,0,0
0,8,1,0,2012,NA,NA,"SC",32534100,"-81.147186","33.98338",NA,NA,0,0
0,7,0,0,2012,NA,NA,"SC",32535000,"-82.191147","34060288",19,146.44612,0,0
900,3,0,0,2012,NA,NA,"SC",32539500,"-79.222969","33.88078",1,134,2.76586917438805e-05,0.222394646713748
3600,4,0,0,2012,NA,NA,"SC",32533200,"-80.330452","33.80849",2,82,0.000110656191213898,0.889578586854994
0,7,0,0,2012,NA,NA,"SC",32527800,"-82.323189","34.67369",NA,NA,0,0
0,6,0,0,2012,NA,NA,"SC",32532300,"-81.054466","32.98851",20,220,0,0
0,7,0,0,2012,NA,NA,"SC",32540400,"-82.189453","34.51653",NA,NA,0,0
3861900,8,1,0,2012,0.050000001,0.62244177,"SD",32523300,"-98.869118","43.3015",14,25,0.118742563024047,954.295429048694
3496500,8,1,0,2012,0.15000001,0,"SD",32530500,"-100.17085","43.49711",14,16,0.107483746022963,864.003202482913
22950,9,0,1,2012,0,26.076458,"SD",31045950,"-99.960258","45.85789",5.5253878,2.5253878,0.000739226855676827,5.67106349120059
0,9,0,1,2012,0,7.8682079,"SD",32542200,"-98.044212","43.10751",9,8,0,0
3600,9,0,1,2012,0,3.4358323,"SD",32520600,"-99.519279","43.38944",8,4.5071173,0.000110699064592904,0.889578586854994
0,9,0,1,2012,0.15000001,10.499249,"SD",32531400,"-96.978279","43.16706",8,15,0,0
0,10,0,0,2012,0,3.3347945,"SD",32542200,"-98.260483","43.67644",8,15,0,0
0,10,0,0,2012,0.44999999,2.5186007,"SD",32534100,"-97.54583","43.50348",8,20.661654,0,0
0,10,0,0,2012,0.050000001,0,"SD",32533200,"-101.65652","43.83878",8,2,0,0
0,10,0,0,2012,0,18.535826,"SD",32536800,"-97.040031","44.9446",0,45.410236,0,0
0,4,0,0,2012,0,4.4862204,"TN",32535900,"-89.936394","35.21133",9,184,0,0
0,5,0,0,2012,0,1.0977578,"TN",31951800,"-85.112228","36.61432",11,112.45244,0,0
0,5,0,0,2012,0,2.3566253,"TN",32529600,"-89.423912","35.26872",8,190,0,0
0,5,0,0,2012,0,3.6994159,"TN",32541300,"-89.625084","35.34448",8,198,0,0
0,4,0,0,2012,3.5,3.1437125,"TN",32539500,"-86.638573","36.12061",0,95.82666,0,0
0,6,0,0,2012,0,1.9526526,"TN",32532300,"-84.138969","35.66655",12,129,0,0
0,4,0,0,2012,3.6500001,0.32007954,"TN",32538600,"-86.856956","35.98071",0,114.1664,0,0
0,6,0,0,2012,0.15000001,2.2215068,"TN",32539500,"-88.128792","35.92472",12,153.85016,0,0
0,4,0,0,2012,0,4.7753778,"TN",32527800,"-88.089607","35.79445",0,135.62617,0,0
0,5,0,0,2012,0,4.8267007,"TN",32535000,"-85.415543","35.81891",11,188.12973,0,0
103500,9,0,1,2012,0,9.0470753,"TX",32533200,"-101.6747","33.54024",15,60.999996,0.00318136549739958,25.5753843720811
0,9,0,1,2012,0,0.86251962,"TX",30571200,"-98.570763","34.10498",NA,NA,0,0
0,9,0,1,2012,0,5.5296001,"TX",32534100,"-95.315193","29.78534",21,92,0,0
0,10,0,0,2012,0,4.6148524,"TX",32529600,"-96.801422","30.81543",NA,NA,0,0
0,10,0,0,2012,0,6.4747849,"TX",32533200,"-97.224136","31.01926",19,126.89211,0,0
0,10,0,0,2012,0,1.7783505,"TX",32530500,"-97.317261","31.1438",NA,NA,0,0
0,10,0,0,2012,0,7.4065228,"TX",32530500,"-97.317284","31.14385",12,8.5828209,0,0
5400,10,0,0,2012,0,6.722785,"TX",32532300,"-96.337318","33.12832",11.522957,36,0.000165988878745124,1.33436788028249
15300,10,0,0,2012,2.4000001,1.7361112,"TX",32529600,"-96.305687","33.25113",11,40.05772,0.000470340858787074,3.78070899413372
0,10,0,0,2012,0,8.5266876,"TX",32541300,"-95.899681","33.70177",11,60.567162,0,0
0,8,1,0,2012,1.45,22.582485,"UT",32531400,"-109.54704","38.5392",18,22,0,0
0,9,0,1,2012,1,8.6533337,"UT",32538600,"-111.81154","41.77114",12,4.5553613,0,0
0,9,0,1,2012,0,6.1491976,"UT",32544000,"-111.82135","41.84138",13,5.411458,0,0
0,9,0,1,2012,0,0.75273013,"UT",32539500,"-111.97","41.9665",13,3,0,0
0,5,0,0,2012,0,0,"UT",32531400,"-112.36851","40.59358",8,40.335892,0,0
0,6,0,0,2012,0,0,"UT",32526000,"-111.60907","40.11955",7,30.513657,0,0
0,6,0,0,2012,0,0.83752549,"UT",32535900,"-112.65271","39.25731",10,0,0,0
0,6,0,0,2012,0,0.11237016,"UT",32531400,"-112.59358","39.38223",NA,NA,0,0
0,6,0,0,2012,0.1,0,"UT",27219600,"-112.60658","39.3856",10,0,0,0
0,6,0,0,2012,0,1.180593,"UT",32539500,"-109.56663","37.28725",14,0,0,0
0,9,0,1,2012,0,25.592157,"VA",32524200,"-79.468201","37.2237",13,77.637405,0,0
0,9,0,1,2012,0,4.8398271,"VA",32535000,"-79.582497","37.6587",12.358194,96.567223,0,0
0,9,0,1,2012,4.1999998,5.3825321,"VA",32532300,"-77.141701","38.2493",14.532726,67,0,0
0,10,0,0,2012,0.55000001,16.03863,"VA",32526900,"-78.654404","36.68",14,122.67946,0,0
0,8,1,0,2012,0,6.6531215,"VA",28130400,"-76.4366","35.70701",20,182.10999,0,0
0,9,0,1,2012,0.34999999,6.6271658,"VA",32534100,"-78.999603","38.0571",12,107,0,0
0,8,1,0,2012,1.15,4.2550001,"VA",32527800,"-77.438103","37.2259",20,121.10176,0,0
0,8,1,0,2012,0.1,4.6159129,"VA",32542200,"-76.176903","36.8916",22,203.48766,0,0
0,9,0,1,2012,0,4.1724319,"VA",32538600,"-78.821198","37.0467",18,99.800735,0,0
0,8,1,0,2012,0.2,4.6694865,"VA",32535000,"-77.844803","37.5124",NA,NA,0,0
0,9,0,1,2012,0,5.6142035,"WI",32526000,"-88.43541","42.76394",NA,NA,0,0
0,9,0,1,2012,0,14.934319,"WI",21197700,"-87.714897","43.75671",NA,NA,0,0
0,9,0,1,2012,0,5.2257099,"WI",24327900,"-87.753952","43.63789",NA,NA,0,0
0,9,0,1,2012,0,14.173292,"WI",32534100,"-88.069511","43.25414",NA,NA,0,0
0,9,0,1,2012,0,12.825318,"WI",32539500,"-89.589798","42.89272",NA,NA,0,0
0,9,0,1,2012,0.2,10.804259,"WI",32534100,"-89.592232","43.11742",NA,NA,0,0
0,10,0,0,2012,0.25,6.9174938,"WI",32536800,"-89.131401","42.8005",NA,NA,0,0
0,10,0,0,2012,0,6.2072911,"WI",32533200,"-90.385582","43.33691",NA,NA,0,0
0,9,0,1,2012,0,2.810559,"WI",32543100,NA,NA,NA,NA,0,0
0,9,0,1,2012,0.40000001,6.2439022,"WI",32538600,"-87.96907","43.29163",NA,NA,0,0
0,9,0,1,2012,0,12.490392,"WV",32527800,"-78.628799","39.27647",NA,NA,0,0
0,9,0,1,2012,0,8.849741,"WV",32535900,"-82.027321","38.47962",NA,NA,0,0
0,9,0,1,2012,0,16.824778,"WV",32528700,"-81.201088","37.33688",NA,NA,0,0
0,9,0,1,2012,0,5.3305321,"WV",32529600,"-82.233994","37.82563",NA,NA,0,0
0,10,0,0,2012,0,4.7151766,"WV",32536800,"-82.440468","38.21215",NA,NA,0,0
0,9,0,1,2012,0,3.8113208,"WV",32546700,"-80.851852","38.19988",NA,NA,0,0
0,10,0,0,2012,0,2.069284,"WV",32535000,"-79.897423","39.21698",NA,NA,0,0
0,9,0,1,2012,0.89999998,3.0448155,"WV",32543100,"-77.889687","39.38927",NA,NA,0,0
0,9,0,1,2012,0,2.0062113,"WV",32516100,"-78.580383","39.06818",NA,NA,0,0
0,10,0,0,2012,0,12.326777,"WV",32537700,"-80.874039","39.11589",NA,NA,0,0
0,8,1,0,2013,NA,NA,"NJ",32541300,NA,NA,NA,NA,0,0
0,6,0,0,2013,0.1,0.39816234,"PA",32519700,"-77.042801","41.33713",NA,NA,0,0
0,5,0,0,2013,1.15,7.2248268,"UT",32530500,"-109.56524","38.58666",NA,NA,0,0
0,8,1,0,2014,0,50,"AR",32530500,"-93.75718999999999","34.058",19.07,78.1999,0,0
0,7,0,0,2014,0.2,38,"AR",32530500,"-91.27339000000001","34.20616",19.79,134.5299,0,0
0,9,0,1,2014,0.65,49,"AR",32534100,"-90.29646","36.15002",16.14,94.09,0,0
0,9,0,1,2014,0,51,"AR",32532300,"-92.473671","34.637148",17.48,41.06,0,0
0,9,0,1,2014,0,48,"AR",32533200,"-93.83949","33.95119",17.79,49.38,0,0
0,9,0,1,2014,0,88,"AR",32527800,"-91.83297","34.19351",17.94,52.64,0,0
0,8,1,0,2014,0.3,65,"AR",32529600,"-92.17805","34.81314",21.34,181.24,0,0
0,9,0,1,2014,0,11,"AR",32526900,"-90.58036","35.77304",16.53,55.2,0,0
0,9,0,1,2014,0,39,"AR",32528700,"-93.44539","36.45593",14.83,114.25,0,0
0,10,0,0,2014,0,260,"AR",32535000,"-91.25773","33.60537",12.73,177.49,0,0
0,7,0,0,2014,0,69,"AR",32527800,"-93.01196","34.49452",19.2,192.52,0,0
0,10,0,0,2014,0,155,"AR",32536800,"-93.07668","36.45831",8.92,145.22,0,0
0,10,0,0,2014,0.05,36,"AR",32531400,"-91.215","33.40914",12.81,168.07,0,0
0,10,0,0,2014,0,82,"AR",32541300,"-91.84969","34.5223",12.33,142.33,0,0
900,10,0,0,2014,0,12,"AR",32523300,"-91.59407","35.1006",11.73,103.71,2.76724686609292e-05,0.222394646713748
0,9,0,1,2014,0,141,"AR",32531400,"-94.34949","36.01017",15.08,81.26,0,0
0,9,0,1,2014,0,51,"AR",32532300,"-91.56116","34.93955",17.61,20.7,0,0
0,8,1,0,2014,0,33,"AR",32525100,"-93.05815","35.39298",20.08,162.1,0,0
0,8,1,0,2014,0,34,"AR",32528700,"-92.09505","34.74686",21.4,143.3399,0,0
0,9,0,1,2014,0,49,"AR",32535900,"-91.51321","35.18914",16.73,14.69,0,0
0,9,0,1,2014,0.05,50,"AR",32526000,"-91.96398600000001","34.313388",17.93,34.69,0,0
0,6,0,0,2014,0.35,89,"AR",32540400,"-91.83788","35.73436",NA,NA,0,0
0,10,0,0,2014,0.15,102,"CT",32533200,"-71.866794","41.700156",7.02,90.4499,0,0
0,7,0,0,2014,0.05,81,"CT",32534100,"-73.16676","41.683354",15.65,67.9,0,0
0,10,0,0,2014,0.2,28,"CT",32534100,"-72.1424999999999","41.6197",7.01,101.72,0,0
0,7,0,0,2014,0.45,88,"CT",32538600,"-73.38350800000001","41.78359",15.87,74.2699,0,0
0,7,0,0,2014,0.05,14,"CT",32535000,"-72.900116","41.400069",17.55,67.87,0,0
0,10,0,0,2014,0,39,"CT",32521500,"-72.20017899999991","41.366739",8.98,110.3899,0,0
0,7,0,0,2014,0,26,"CT",32537700,"-72.8666989999999","41.71671",17.29,56.54,0,0
0,10,0,0,2014,0.4,108,"FL",32527800,"-82.3575","28.0352778",16.94,71.37,0,0
0,10,0,0,2014,0,10,"FL",32526900,"-82.0441666666666","28.2641667",16.04,68.77,0,0
0,11,0,0,2014,0.25,109,"FL",32535000,"-82.29361111111111","28.3855556",9.83,200.47,0,0
0,11,0,0,2014,1,42,"FL",32528700,"-82.1091666666666","28.6516667",8.49,197.91,0,0
0,10,0,0,2014,0,6,"FL",32532300,"-85.53855","30.780898",12.46,191.0099,0,0
0,11,0,0,2014,0,68,"FL",32541300,"-85.6951433","30.1931863",6.64,144.66,0,0
0,12,0,0,2014,0,14,"NY",32528700,"-82.0138888888888","28.6261111",9.82,58.75,0,0
0,10,0,0,2014,0,1,"FL",32539500,"-84.721677","30.643747",12.4,104.54,0,0
0,12,0,0,2014,0.25,0,"NC",32528700,"-80.396187","27.428561",13.51,41.48,0,0
0,12,0,0,2014,0,1,"FL",32534100,"-85.46793","30.45181",6.18,191.15,0,0
0,12,0,0,2014,0,3,"FL",32517900,"-84.70596000000001","30.35993",6.4,282.52,0,0
0,12,0,0,2014,2.75,0,"FL",32535000,"-80.84477699999999","28.665273",13.27,48.16,0,0
0,12,0,0,2014,0.2,1,"AR",32526900,"-80.593687","27.782497",12.51,60.34,0,0
0,10,0,0,2014,0.45,14,"FL",32532300,"-85.5385513","30.7805901",12.46,191.0099,0,0
0,11,0,0,2014,0,22,"FL",32539500,"-85.23155","30.95966",4.32,110.93,0,0
0,9,0,1,2014,0,23,"GA",32535000,"-83.07259999999999","31.1038",20.93,146.42,0,0
0,9,0,1,2014,0,34,"GA",29748600,"-83.3998","32.0909",19.94,193.05,0,0
0,9,0,1,2014,0.1,2,"GA",32521500,"-83.22799999999999","30.5867",21,140.6499,0,0
0,9,0,1,2014,0.8,4,"GA",32530500,"-82.5171","31.1939",21.27,240.1699,0,0
0,12,0,0,2014,0.1,5,"GA",32528700,"-83.1777","31.2824",6.42,140.08,0,0
0,12,0,0,2014,0,16,"GA",32539500,"-81.99091","32.24271",5.82,108.08,0,0
0,12,0,0,2014,0,1,"GA",3137400,"-81.99091","32.2471",5.82,108.08,0,0
0,9,0,1,2014,0,45,"GA",32526000,"-83.0081","30.4232",21.05,291.89,0,0
0,9,0,1,2014,0.55,13,"GA",32309100,"-83.179","31.3386",20.43,148.5599,0,0
0,9,0,1,2014,0.65,7,"GA",32537700,"-83.0244","31.227",20.86,108.5,0,0
0,9,0,1,2014,0,12,"GA",32536800,"-83.4542","32.0787",20,177.3999,0,0
0,12,0,0,2014,0.85,2,"GA",32460300,"-83.2443","31.2814",6.45,158.72,0,0
0,8,1,0,2014,0.2,39,"IL",32528700,"-89.549796","38.408207",19.49,172.0899,0,0
0,8,1,0,2014,0,9,"IL",32533200,"-89.256795","37.447985",19.68,119.1699,0,0
0,8,1,0,2014,0,60,"IL",32526000,"-90.148686","38.371083",20.07,128.21,0,0
0,8,1,0,2014,0,23,"IL",32535900,"-88.73156299999999","38.471929",18.94,136.3,0,0
0,8,1,0,2014,0,32,"IL",32525100,"-89.48260000000001","38.0599",19.44,140.21,0,0
0,8,1,0,2014,0,80,"IL",32529600,"-88.031685","39.26459",18.23,134.11,0,0
0,8,1,0,2014,0,33,"IL",32528700,"-87.7079","38.9002",18.29,90.129,0,0
0,8,1,0,2014,0,55,"IL",32545800,"-87.96729999999999","41.4249",17.48,192.48,0,0
0,7,0,0,2014,0,7,"IL",32533200,"-90.140247","41.834837",15.89,222.16,0,0
0,7,0,0,2014,0,34,"IL",32525100,"-89.15416000000001","41.975384",14.01,211.6499,0,0
0,7,0,0,2014,0,7,"IL",32526000,"-88.9237","41.305302304",15.29,133.7299,0,0
0,7,0,0,2014,0,6,"IL",32538600,"-87.87309000000001","41.97048",16.51,149.3099,0,0
0,8,1,0,2014,0,2,"IL",32535000,"-88.99076","42.35387",15.99,242.6199,0,0
0,8,1,0,2014,0.05,8,"IL",32534100,"-89.49321999999999","41.28653",17.02,202.61,0,0
0,9,0,1,2014,0,19,"IL",32530500,"-90.23548","42.23227",9.25,70.44,0,0
0,7,0,0,2014,0,4,"IL",32530500,"-89.44337","39.75104",15.29,143.93,0,0
0,7,0,0,2014,0,12,"IL",32533200,"-89.23987","39.54713",14.82,149.25,0,0
0,7,0,0,2014,0.1,38,"IL",32524200,"-89.61095","40.07072",15.68,149.62,0,0
0,8,1,0,2014,0,9,"IL",32522400,"-88.84124","40.42139",17.76,163.99,0,0
0,8,1,0,2014,0,28,"IL",32542200,"-89.53146","40.65298",18.24,215.48,0,0
0,8,1,0,2014,0,6,"IL",32535900,"-91.204993","39.755905",19.48,193.5899,0,0
0,9,0,1,2014,0,38,"IL",32535000,"-88.18162","40.13433",11.61,100.22,0,0
0,8,1,0,2014,0,20,"IL",32517000,"-89.535214","38.752398",19.42,126.58,0,0
0,7,0,0,2014,0,10,"IN",32535000,"-85.93083799999999","40.73899",13.54,127.41,0,0
0,7,0,0,2014,0.05,2,"IN",32544900,"-86.180001","40.743309",13.87,117.59,0,0
0,8,1,0,2014,0,11,"IN",32538600,"-86.48875","39.864499",16.89,112.1399,0,0
0,8,1,0,2014,0,48,"IN",32538600,"-86.36577200000001","38.56671",17.83,87.32,0,0
0,9,0,1,2014,0,59,"IN",32537700,"-85.956282","38.265704",13.61,85.49,0,0
0,9,0,1,2014,0,38,"IN",32530500,"-86.320438","39.527425",11.66,73.37,0,0
0,9,0,1,2014,0,49,"IN",32536800,"-85.78537799999999","40.688096",10.68,127.38,0,0
0,9,0,1,2014,0.05,98,"IN",26176500,"-85.75021200000001","40.658232",10.69,130.3399,0,0
0,9,0,1,2014,0,54,"IN",32535000,"-85.64565500000001","40.66455",11.13,128.52,0,0
0,9,0,1,2014,0,45,"IN",32535900,"-85.576649","40.697369",11,114.5599,0,0
0,10,0,0,2014,0,24,"IN",32529600,"-84.983214","39.00124",7.45,87.56,0,0
0,10,0,0,2014,0.95,47,"IN",32526000,"-85.092322","39.120318",7.27,85.95,0,0
0,10,0,0,2014,0,61,"IN",32525100,"-85.103977","39.195435",7.24,80.31,0,0
0,10,0,0,2014,0,126,"IN",32535000,"-85.762715","39.740564",6.15,93.32,0,0
0,10,0,0,2014,0.05,13,"IN",32522400,"-86.41305300000001","41.447173",5.22,120.47,0,0
0,11,0,0,2014,0,49,"IN",32526900,"-86.485727","39.748469",-2.8,82.31,0,0
0,11,0,0,2014,0.8,62,"IN",32538600,"-86.448553","39.431364",-3.33,63.33,0,0
0,11,0,0,2014,0,21,"IN",7496100,"-86.189294","38.790951",-2.74,55.4,0,0
0,11,0,0,2014,0,5,"IN",4251600,"-86.186087","38.802006",-2.74,55.4,0,0
0,11,0,0,2014,0.7,13,"IN",1333800,"-86.22833799999999","38.843161",-1.76,58.71,0,0
0,11,0,0,2014,0.2,2,"IN",504900,"-86.225111","38.842936",-1.54,58.71,0,0
0,11,0,0,2014,0.3,10,"IN",31945500,"-86.176934","38.803658",-3.03,55.29,0,0
0,11,0,0,2014,0,26,"IN",32529600,"-86.22594700000001","38.843325",-1.76,58.71,0,0
0,10,0,0,2014,0.25,5,"MI",32534100,"-82.74083400000001","43.665619",4.38,64.06,0,0
900,10,0,0,2014,0,124,"MI",32533200,"-83.87299","43.00225",4.43,51.0999,2.76640478034746e-05,0.222394646713748
0,10,0,0,2014,0,21,"MI",32534100,"-85.03512000000001","43.16694",4.21,89.5,0,0
0,10,0,0,2014,0,7,"MI",32524200,"-84.06385","42.87864",4.3,50.68,0,0
0,10,0,0,2014,0,70,"MI",17812800,"-84.14498","43.31765",4.59,68.22,0,0
0,10,0,0,2014,0,45,"MI",32531400,"-85.39344","43.36537",3.48,100.12,0,0
0,10,0,0,2014,0.3,2,"MI",32518800,"-86.31859","41.9784",4.4,98.53,0,0
0,10,0,0,2014,0,87,"MI",32534100,"-84.92442","43.19578",4.11,92.42,0,0
0,10,0,0,2014,0.05,1,"MI",32529600,"-83.35245000000001","43.33697",4.45,58.58,0,0
0,10,0,0,2014,0,0,"MI",32544900,"-85.5055","43.6125",3.2,83.2699,0,0
0,10,0,0,2014,0,140,"MI",32541300,"-84.87324","43.00237",4.3,87.8399,0,0
0,9,0,1,2014,0,65,"MI",32526900,"-85.662814","43.639685",8,75.5999,0,0
0,10,0,0,2014,0,87,"MI",32529600,"-86.35946","42.09505",5.57,94.91,0,0
0,10,0,0,2014,0,0,"MI",14699700,"-84.90599","43.17963",4.25,93.92,0,0
0,10,0,0,2014,0,233,"MI",32533200,"-83.203817","43.593177",4.22,59.9599,0,0
0,9,0,1,2014,0,14,"MI",32534100,"-85.19696999999999","42.8576",10.01,85.16,0,0
0,10,0,0,2014,0.5,25,"MI",32531400,"-84.32879","43.64251",4.36,74.35,0,0
0,10,0,0,2014,0,44,"MI",32517000,"-84.15154","43.34297",4.59,66.73,0,0
0,10,0,0,2014,0.05,0,"MN",32529600,"-95.59651","46.6198",1.87,9.61,0,0
0,11,0,0,2014,0,43,"MN",32526900,"-93.77678","44.95929",-9.04,30.61,0,0
0,10,0,0,2014,0.1,294,"MN",32531400,"-92.25279000000001","43.77971",2.07,78.3499,0,0
0,10,0,0,2014,0.05,174,"MN",32522400,"-93.18765999999999","44.99118",3.67,33,0,0
0,10,0,0,2014,0.4,13,"MN",32535900,"-92.63943999999999","44.19329",1.64,46.08,0,0
0,9,0,1,2014,0.15,59,"WA",32536800,"-114.65143","47.6746",4.6,5.24,0,0
0,9,0,1,2014,0.05,0,"MT",32531400,"-112.000838","46.698234",6.83,16.53,0,0
0,9,0,1,2014,0,135,"MT",32534100,"-112.069443","46.626556",6.29,24.24,0,0
0,10,0,0,2014,0,97,"OR",32530500,"-114.07707","46.21102",1.77,23.05,0,0
0,10,0,0,2014,0,19,"MT",32536800,"-111.878746","46.038359",1.09,11.17,0,0
0,10,0,0,2014,0,18,"MT",32535900,"-112.008689","46.15466",0.42,10.51,0,0
0,10,0,0,2014,0,20,"MT",32534100,"-111.838472","47.610968",4.33,11.8,0,0
0,10,0,0,2014,0,6,"MT",32533200,"-111.967737","47.483727",4.01,12.24,0,0
3600,7,0,0,2014,0.2,7,"ND",32539500,"-98.14755","47.90355",13.44,129.3099,0.000110634766975522,0.889578586854994
5400,8,1,0,2014,1.15,22,"AR",32540400,"-100.14011","47.64622",13.3,92.55,0.00016594756057086,1.33436788028249
2700,7,0,0,2014,0.8,1,"ND",32541300,"-99.89287","48.34753",12.46,129.1199,8.29714854661615e-05,0.667183940141245
89100,8,1,0,2014,0.35,70,"ND",32542200,"-100.23463","47.8764",13.16,118.3799,0.00273798329553626,22.0170700246611
693000,8,1,0,2014,0,0,"ND",32527800,"-99.91727","46.80349",13.94,136.74,0.0213048530795197,171.243877969586
49500,7,0,0,2014,0.1,0,"ND",32532300,"-100.03773","48.4578",12.26,103.5199,0.0015215647218303,12.2317055692562
2700,7,0,0,2014,0,0,"ND",32541300,"-99.8931","48.34768",12.46,129.1199,8.29714854661615e-05,0.667183940141245
64800,8,1,0,2014,0.35,1,"ND",32525100,"-102.94169","48.58935",12.25,117.01,0.00199230747945433,16.0124145633899
89100,8,1,0,2014,0.6,5,"ND",32542200,"-100.23455","47.8764",13.16,118.3799,0.00273798329553626,22.0170700246611
3600,7,0,0,2014,0.1,0,"CA",32539500,"-98.160417","47.90215",13.44,129.3099,0.000110634766975522,0.889578586854994
0,10,0,0,2014,0,12,"OR",32535900,"-122.623399","45.276859",10.38,176.53,0,0
0,9,0,1,2014,0,0,"OR",32531400,"-121.563043","45.558796",8.12,7.07,0,0
0,9,0,1,2014,0.05,31,"OR",32535900,"-123.24506","44.61737",9.88,39.42,0,0
0,10,0,0,2014,0,0,"OR",32535900,"-119.612552","45.636157",7.2,15.37,0,0
0,10,0,0,2014,0,0,"OR",32523300,"-117.207126","43.987453",4.25,10.79,0,0
0,9,0,1,2014,0,78,"OR",32535900,"-123.21581","45.23775",11.38,37.04,0,0
0,8,1,0,2014,0,60,"OR",32535900,"-123.1927","42.573453",14.28,12.46,0,0
0,9,0,1,2014,0,1,"OR",32536800,"-122.64633","44.989295",11.42,40.29,0,0
0,9,0,1,2014,0,15,"OR",32526000,"-122.988719","44.423276",9.95,34.19,0,0
0,9,0,1,2014,0.4,13,"OR",32541300,"-122.567577","45.111922",12.39,33.75,0,0
0,9,0,1,2014,0,14,"OR",32534100,"-122.782126","45.680465",11.52,27.55,0,0
0,10,0,0,2014,0.05,1,"OR",32536800,"-123.203051","44.676681",8.87,132.0899,0,0
900,10,0,0,2014,0,28,"OR",32522400,"-120.027645955","45.7043447938",7.72,26.1,2.76732344476422e-05,0.222394646713748
0,8,1,0,2014,0,40,"PA",32536800,"-79.02801","41.18346",12.32,230.5399,0,0
0,9,0,1,2014,0.05,94,"PA",32538600,"-80.22418999999999","41.62241",11.64,92.91,0,0
0,9,0,1,2014,0,28,"PA",32535000,"-78.60243800000001","41.4504",8.77,61.09,0,0
0,9,0,1,2014,0,60,"PA",32540400,"-78.509305","41.318526",8.78,51.43,0,0
0,9,0,1,2014,0.15,22,"PA",32542200,"-78.991778","40.191529",9.88,28.7999,0,0
0,9,0,1,2014,0,11,"PA",32535000,"-77.93380999999999","40.59051",11.27,27.47,0,0
0,9,0,1,2014,0,3,"PA",32524200,"-78.28896","40.96282",9.59,41.76,0,0
0,9,0,1,2014,0,207,"PA",32537700,"-78.38260200000001","40.766265",9.57,36.86,0,0
0,8,1,0,2014,0,92,"PA",32534100,"-76.080753","39.953553",15.21,121.5599,0,0
0,8,1,0,2014,0,7,"PA",32521500,"-77.15786","40.120783",14.77,132.32,0,0
0,8,1,0,2014,0.05,21,"PA",32521500,"-77.143271","40.140435",14.67,137.19,0,0
0,8,1,0,2014,0.25,25,"PA",32539500,"-76.49773","40.11438",14.78,95.19,0,0
0,8,1,0,2014,0.15,2,"PA",32538600,"-77.15934","41.32603",12.35,97.01,0,0
0,9,0,1,2014,0,10,"PA",32529600,"-77.20229999999999","41.21726",11.16,37.29,0,0
0,9,0,1,2014,1.3,33,"PA",32523300,"-76.88894999999999","41.02106",13.36,31.16,0,0
0,8,1,0,2014,0,62,"PA",32529600,"-76.56885","40.96593",13.91,95.64,0,0
0,9,0,1,2014,0,75,"PA",32527800,"-75.121245","39.978675",16.38,64.54,0,0
0,10,0,0,2014,0,112,"PA",32532300,"-75.25250800000001","40.164321",8.19,91.37,0,0
4500,9,0,1,2014,0,30,"SD",32534100,"-98.59950072","43.3259283122",9.73,46.91,0.000138316412625522,1.11197323356874
0,9,0,1,2014,0.05,69,"SD",32528700,"-98.490700283","43.253030702",9.95,48.8899,0,0
0,9,0,1,2014,0.25,38,"SD",32532300,"-97.652305541","43.5897964657",9.79,51.15,0,0
0,9,0,1,2014,0.75,155,"SD",32535900,"-96.94848836200001","43.0873649967",10.21,72.6999,0,0
0,10,0,0,2014,0,2,"SD",32524200,"-97.028513651","43.3476197133",3.13,25.18,0,0
2700,9,0,1,2014,0.05,70,"SD",32540400,"-99.17844","43.2477",9.65,39.8899,8.29737802854298e-05,0.667183940141245
2700,10,0,0,2014,0.3,219,"CA",32529600,"-103.34289","44.61739",2.01,47.17,8.30013280212483e-05,0.667183940141245
900,10,0,0,2014,0.7,171,"SD",32535000,"-103.2546","43.68408",2.97,26.43,2.76625172890733e-05,0.222394646713748
9900,10,0,0,2014,0,11,"SD",32526900,"-103.26436","43.84914",3.45,32.9,0.0003043634653164,2.44634111385123
7200,9,0,1,2014,0,35,"UT",32536800,"-103.34458","44.51261",7.75,68.47,0.000221287895552113,1.77915717370999
2700,9,0,1,2014,0.45,21,"SD",32533200,"-103.74521","44.68847",7.3,60.04,8.29921434104238e-05,0.667183940141245
2700,9,0,1,2014,0.75,62,"SD",32542200,"-103.70816","44.5453",8.22,72.5599,8.2969190773826e-05,0.667183940141245
117000,9,0,1,2014,0.2,11,"SD",32544900,"-100.20661","43.38953",9.66,73.72,0.0035950333231935,28.9113040727873
274500,9,0,1,2014,0,1,"NE",32537700,"-100.43163","43.22991",9.27,57.72,0.00843636765966863,67.8303672476933
9000,9,0,1,2014,0,8,"CA",32523300,"-99.71122","43.25456",10.14,37.82,0.000276724686609292,2.22394646713748
0,7,0,0,2014,0,14,"UT",32529600,"-112.108544","41.091249",19.25,36.74,0,0
0,9,0,1,2014,0.1,50,"UT",32538600,"-112.163228","41.70510381",10.7,47.29,0,0
0,9,0,1,2014,0,8,"UT",32529600,"-111.907448","40.424687",10.93,55.33,0,0
0,9,0,1,2014,0,73,"UT",32528700,"-111.64823","40.268357",11.19,67.75,0,0
0,9,0,1,2014,0,24,"UT",32543100,"-112.07247","40.81283",14.18,68.98,0,0
0,10,0,0,2014,0,10,"UT",32531400,"-111.901756","41.016095",6.41,4.4,0,0
0,10,0,0,2014,0,274,"VA",32522400,"-79.46782","37.78737",6.83,132.74,0,0
900,9,0,1,2014,0,15,"VA",32539500,"-77.86843","39.09878",13.44,75.89,2.76586917438805e-05,0.222394646713748
1800,9,0,1,2014,0,84,"VA",32530500,"-79.62649999999999","37.3985",15.68,34.64,5.53326877853092e-05,0.444789293427497
0,9,0,1,2014,0,17,"VA",32522400,"-77.61086","39.1219",13.13,83.09,0,0
0,9,0,1,2014,0,41,"VA",32532300,"-77.51474","39.22692",13.88,64.94,0,0
0,10,0,0,2014,0,342,"VA",32543100,"-78.94592","38.12483",6.98,109.99,0,0
0,9,0,1,2014,0.05,25,"VA",32523300,"-77.43810000000001","37.2259",16.7,78.9199,0,0
0,10,0,0,2014,0,274,"VA",32535900,"-79.028325","37.23359",8.17,117.48,0,0
0,10,0,0,2014,0,110,"VA",32535000,"-78.96936","38.06768",6.65,110.9199,0,0
0,9,0,1,2014,0,59,"VA",32534100,"-79.902","37.1313",15.14,42.71,0,0
0,9,0,1,2014,0,29,"VA",32535900,"-79.9491","37.0366",15.06,63.38,0,0
0,10,0,0,2014,0,72,"VA",32526000,"-79.03892999999999","36.98698",7.88,100.089,0,0
0,6,0,0,2015,0.5,21,"AL",32534600,"-86.65723","33.69381",20.26,91.21,0,0
0,6,0,0,2015,0,9,"AL",32536000,"-85.31896","32.51622",20.67,110.32,0,0
0,6,0,0,2015,0,96,"AL",32534400,"-85.43181","31.07853",21.88,95.68,0,0
0,4,0,0,2015,0,30,"AL",32535000,"-86.25291","33.30559",11.83,159,0,0
0,4,0,0,2015,0.1,15,"AL",32539500,"-87.97234","33.31124",13.01,180.52,0,0
0,6,0,0,2015,0.2,11,"AL",32537700,"-88.23702","30.77796",21.87,113.83,0,0
0,6,0,0,2015,0.05,38,"AL",32539500,"-85.38918","31.32532",22.03,88.4,0,0
0,6,0,0,2015,0.25,18,"AL",32535900,"-86.17844","32.46049",21.44,113.61,0,0
0,5,0,0,2015,0.2,43,"AL",32537700,"-86.38585999999999","32.71814",15.63,147.11,0,0
0,6,0,0,2015,0,47,"FL",32539500,"-85.26799","31.04388",22.4,137.19,0,0
0,6,0,0,2015,0.15,25,"AL",32537700,"-86.23309","32.36779",21.04,140.49,0,0
0,6,0,0,2015,0,2,"AL",32524200,"-88.11435","30.78766",22.04,129.51,0,0
0,4,0,0,2015,0.7,13,"AL",32541300,"-86.57792000000001","33.4217",13.9,268.45,0,0
0,6,0,0,2015,0,3,"AL",32533800,"-86.44783","33.99464",20.32,60.99,0,0
0,6,0,0,2015,0,36,"AL",32533500,"-86.59647","34.96094",19.22,82.65,0,0
0,10,0,0,2015,0,112,"AL",32530500,"-87.78962","30.54524",14.55,93.43,0,0
0,9,0,1,2015,0.5,64,"AL",32535900,"-86.46774000000001","34.81734",15.74,22.73,0,0
0,10,0,0,2015,0,77,"AL",32535900,"-85.90503","32.43249",12.25,49.24,0,0
0,9,0,1,2015,0,16,"AL",32522400,"-86.68082","34.50329",16.61,20.1,0,0
52200,9,0,1,2015,0.2,66,"AL",32522400,"-86.04961","32.5975",18.53,75.04,0.00160504759796325,12.8988895093974
0,9,0,1,2015,0.1,31,"AL",32536800,"-86.86400999999999","33.50068",18.56,49.79,0,0
0,9,0,1,2015,0.05,33,"AL",32520600,"-85.34284","32.62725",18.12,57.29,0,0
0,9,0,1,2015,0,31,"AL",32535000,"-85.88664","32.28118",19.01,109.75,0,0
0,9,0,1,2015,0,46,"AL",32532300,"-86.59045999999999","34.33949",16.82,64.44,0,0
0,9,0,1,2015,0,118,"AL",32543100,"-86.1238","34.15789",16.56,43.83,0,0
0,9,0,1,2015,0,21,"AL",32538600,"-86.50512999999999","33.97086",17.64,49.47,0,0
0,9,0,1,2015,0.05,9,"AL",32534100,"-86.55734","34.11159",16.75,18.92,0,0
0,5,0,0,2015,0,12,"AR",32542200,"-93.508456","33.72755",16.32,227.21,0,0
0,6,0,0,2015,0,39,"AR",32530500,"-93.17498000000001","34.50378",19.96,108.58,0,0
0,7,0,0,2015,0,80,"AR",32526900,"-92.47136","34.63773",23.41,149.09,0,0
0,6,0,0,2015,0,81,"AR",32532300,"-93.57238","33.80849",20.59,134.54,0,0
0,5,0,0,2015,0,44,"AR",32544000,"-91.95465","33.10801",15.72,132.01,0,0
0,5,0,0,2015,0,13,"AR",32521500,"-91.55880999999999","34.4917",17.27,185.03,0,0
0,7,0,0,2015,0.05,60,"AR",32536800,"-92.01738","34.75009",23.68,90.09,0,0
0,7,0,0,2015,0,56,"AR",32536800,"-92.01739000000001","34.75303",23.68,90.09,0,0
0,7,0,0,2015,0,54,"AR",32546700,"-93.03182","35.12201",22.66,118.66,0,0
0,5,0,0,2015,0,76,"AR",32536800,"-93.72065000000001","34.2687",14.8,415.73,0,0
0,9,0,1,2015,0,72,"AR",32535000,"-89.91893","35.99554",17.04,14.03,0,0
0,6,0,0,2015,0,24,"AR",32538600,"-92.40430000000001","34.18153",20.47,124.04,0,0
0,9,0,1,2015,0.2,60,"AR",32534100,"-91.84969","34.522258",17.91,17.68,0,0
0,6,0,0,2015,0.05,36,"AR",32531400,"-93.83957","33.95162",20.43,124.54,0,0
0,5,0,0,2015,0,9,"AR",32533200,"-92.12461999999999","35.84456",13.75,304.26,0,0
0,5,0,0,2015,0,15,"AR",32542200,"-94.34956","36.01014",13.14,293.98,0,0
0,6,0,0,2015,0.1,2,"AR",32529600,"-91.49214000000001","35.03856",21.89,58.09,0,0
0,8,1,0,2015,0,28,"AR",32534100,"-92.38741","36.33173",21.41,84.38,0,0
0,7,0,0,2015,0,6,"AR",32535900,"-91.30157","35.61987",22.92,315.09,0,0
0,7,0,0,2015,0,26,"AR",32536800,"-94.37429","35.49342",22.39,153.51,0,0
900,8,1,0,2015,0,41,"AR",32539500,"-90.34591","36.10278",19.41,128.69,2.76586917438805e-05,0.222394646713748
0,8,1,0,2015,0,11,"AR",32526000,"-91.03503000000001","35.79698",19.39,129.37,0,0
0,9,0,1,2015,0,3,"AR",32529600,"-91.92244","34.67714",17.71,43.7,0,0
4500,6,0,0,2015,0,9,"TN",32535900,"90.22696999999999","35.18181",NA,NA,0.000138308760476889,1.11197323356874
0,1,0,0,2015,1.25,10,"",32534500,"-120.331666666666","37.1125",3.7,5.54,0,0
0,1,0,0,2015,1,0,"CA",32525100,"-120.366944444444","37.0816667",3.63,4.88,0,0
0,1,0,0,2015,0.15,12,"CA",32531700,"-120.228888888888","37.1358333",3.78,6.1,0,0
0,1,0,0,2015,0.35,2,"",32418700,"-120.168889","37.105556",3.78,4.9,0,0
0,1,0,0,2015,0,0,"",32532300,"-120.229166666666","37.1602778",3.75,5.8,0,0
0,1,0,0,2015,0.05,1,"",32532700,"-120.2475","37.1536111",3.77,5.8,0,0
0,1,0,0,2015,2.25,14,"CA",28826000,"-120.195277777777","37.2616667",3.39,3.07,0,0
0,1,0,0,2015,7.6,5,"CA",32533100,"-120.158611111111","37.2266667",3.45,3.73,0,0
0,1,0,0,2015,3.15,4,"CA",32534600,"-120.157222222222","37.2261111",3.45,3.73,0,0
0,1,0,0,2015,13.5,1,"",25354100,"-120.251944444444","37.1019444",3.74,6.18,0,0
0,1,0,0,2015,0.6,68,"MI",32531700,"-120.615922","37.650117",3.43,0.95,0,0
0,1,0,0,2015,4.15,5,"MI",32533700,"-120.625833333333","37.6583333",3.43,0.95,0,0
0,1,0,0,2015,3.15,5,"",32533000,"-120.531388888888","37.6308333",3.42,0.96,0,0
0,1,0,0,2015,0,0,"CA",32534200,"-121.756883333333","39.71385",4.02,2.89,0,0
33300,4,0,0,2015,1,0,"CA",32534800,"-120.797383333","37.6914666",8.6,31.08,0.00102351943150104,8.22860192840869
0,2,0,0,2015,1.15,0,"CA",32533200,"-121.5778833","39.6684833",7.23,101.44,0,0
89100,4,0,0,2015,0.4,1,"CA",32534200,"-122.07938333","39.831716666",8.45,35.27,0.00273865655218201,22.0170700246611
0,4,0,0,2015,0,1,"CA",32534400,"-120.944466","37.05555",10.11,8.71,0,0
0,4,0,0,2015,0.05,49,"CA",32534100,"-122.2419166666","40.5643833",8.42,38.049,0,0
4500,4,0,0,2015,0.1,0,"CA",23244500,"-122.138833","39.7729",8.58,35.24,0.000193594183570307,1.11197323356874
0,4,0,0,2015,0,3,"CA",32536200,"-121.714","39.6662",8.13,48.63,0,0
0,4,0,0,2015,0,4,"CA",29701600,"-122.234764","40.611764",8.52,35.99,0,0
0,4,0,0,2015,0,1,"CA",32532900,"-122.029757","40.5142555",7.6,40.65,0,0
16200,4,0,0,2015,0.55,11,"CA",32529900,"-122.1635","39.74385",8.68,35.53,0.000498003375356211,4.00310364084747
3600,4,0,0,2015,0.5,1,"CA",32533400,"-122.046922","38.478478",7.79,31.33,0.000110655510951822,0.889578586854994
0,5,0,0,2015,0.4,1,"CA",32535500,"-122.181484","40.667239",12.45,10.44,0,0
0,4,0,0,2015,0.6,46,"CA",32534300,"-122.38963333","40.3031666",8.65,40.34,0,0
0,4,0,0,2015,0,7,"CA",32533000,"-121.55458333","39.69733333",8.63,74.19,0,0
0,4,0,0,2015,0.1,19,"CA",32532000,"-120.779483333","37.091",8.49,11.12,0,0
0,10,0,0,2015,0.8,3,"CA",32535000,"-117.0077325","33.25236023",14.28,12.12,0,0
0,10,0,0,2015,0.1,1,"CA",32526900,"-115.54228603","33.06465352",18.14,1.9,0,0
0,10,0,0,2015,0.05,13,"CA",32538600,"-116.938733","33.468366",14.07,16.85,0,0
0,10,0,0,2015,0.55,3,"CA",32535900,"-116.9849327","33.45139776",14.65,17.63,0,0
0,10,0,0,2015,0,22,"CA",32536800,"-117.069266666666","33.3224666666666",16.18,12.27,0,0
0,10,0,0,2015,0,2,"CA",32534100,"-117.16424105","33.20888644",15.81,13.86,0,0
0,10,0,0,2015,0,33,"CA",32533200,"-117.17817343","33.23823574",16.61,13.73,0,0
0,10,0,0,2015,0,0,"CA",32532300,"-115.56520367","32.8978178",19.94,0.82,0,0
0,10,0,0,2015,0,5,"CA",32528700,"-115.67895875","32.84690793",19.76,0.78,0,0
0,10,0,0,2015,0,1,"CA",32535900,"-115.5168","33.0481",17.92,1.38,0,0
0,10,0,0,2015,0,24,"CA",32535000,"-116.832174","33.5075274",12.78,16.22,0,0
0,10,0,0,2015,0,94,"CA",32547600,"-117.36161294","33.21922092",16.71,14.29,0,0
0,10,0,0,2015,0.25,17,"CA",32527800,"-116.98198759","33.32166207",15.23,15.44,0,0
0,10,0,0,2015,0,3,"CA",32527800,"-116.9889802","33.31888009",15.23,15.44,0,0
0,7,0,0,2015,0,18,"CT",32525100,"-72.63601","41.57355",17.86,29.48,0,0
0,7,0,0,2015,0.05,6,"CT",32532300,"-73.0439833333333","41.4512833333333",17.23,60.71,0,0
0,7,0,0,2015,0,17,"CT",32534100,"-72.37375","41.5167",17.03,45.46,0,0
0,7,0,0,2015,0,20,"CT",32533200,"-73.25414000000001","41.75019",15.35,68.57,0,0
0,8,1,0,2015,0.2,7,"CT",32534100,"-72.09835800000001","41.759582",15.32,53.48,0,0
0,7,0,0,2015,0,56,"CT",32529600,"-73.25416","41.75019",15.35,68.57,0,0
0,7,0,0,2015,0.4,67,"CT",32530500,"-72.78198999999999","41.92156",16.97,69.95,0,0
0,7,0,0,2015,0,41,"CT",32533200,"-71.98636000000001","41.76212",15.68,58.89,0,0
0,7,0,0,2015,0.75,14,"CT",32533200,"-73.25416","41.75012",15.35,68.57,0,0
0,7,0,0,2015,0.05,42,"CT",32535900,"-72.37367","41.51668",17.03,45.46,0,0
0,7,0,0,2015,0.1,5,"CT",32541300,"-72.14373999999999","41.58077",16.72,43.99,0,0
0,7,0,0,2015,0.05,21,"CT",32541300,"-72.1437","41.5808",16.72,43.99,0,0
0,7,0,0,2015,0.3,12,"CT",32535900,"-72.37342","41.51648",17.03,45.46,0,0
0,7,0,0,2015,0.45,2,"CT",32541300,"-71.94972199999999","41.788124",15.76,52.35,0,0
0,7,0,0,2015,0,7,"CT",32537700,"-73.041721","41.337644",17.19,71.88,0,0
0,6,0,0,2015,0.45,12,"CT",32535000,"-72.86066","41.726",13.82,172.13,0,0
0,7,0,0,2015,0.35,6,"CT",32535000,"-72.6567166666666","41.8520166666666",17.61,103.22,0,0
0,8,1,0,2015,0.05,6,"CT",32527800,"-71.8181","41.7642",15.9,48.74,0,0
0,5,0,0,2015,5.9,0,"CT",32538600,"-71.83991","41.708331",9.39,12.52,0,0
0,8,1,0,2015,0.1,31,"CT",32541300,"-73.290108","41.516498",15.96,46.92,0,0
0,8,1,0,2015,0,15,"CT",32527800,"-72.816307","41.946921",15.86,106.48,0,0
0,7,0,0,2015,0,168,"CT",32528700,"-73.09651","41.20568",19.53,80.21,0,0
0,7,0,0,2015,0.05,69,"CT",32535900,"-72.2107","41.371058",17.87,47.4,0,0
0,8,1,0,2015,0,38,"CT",32532300,"-73.2566833333333","41.1887166666666",18.52,51.42,0,0
0,1,0,0,2015,0.1,3,"FL",32534600,"-85.211685","30.365133",3.48,106.56,0,0
0,1,0,0,2015,0.15,0,"FL",32535200,"-84.98802000000001","30.37539",3.44,123.85,0,0
0,1,0,0,2015,0,0,"FL",32535200,"-81.77","28.3191667",9.96,59.91,0,0
0,1,0,0,2015,0.25,0,"FL",32534800,"-84.72749","30.67704",3.22,123.13,0,0
0,1,0,0,2015,0.1,2,"FL",32532000,"-85.086968","30.43438",3.38,110.76,0,0
0,10,0,0,2015,1.15,1,"IA",32544900,"-91.318434","42.681961",3.74,57.16,0,0
0,10,0,0,2015,0,51,"IA",32537700,"-93.123363","43.169709",3.98,57.16,0,0
0,7,0,0,2015,0,0,"IA",32526900,"-93.58102","42.107037",16.73,151.95,0,0
0,6,0,0,2015,0.35,2,"IA",32521500,"-92.47432000000001","42.68005",15.03,167.08,0,0
0,10,0,0,2015,0,1,"CA",32536800,"-94.742937","40.76099",6.25,35.85,0,0
0,7,0,0,2015,0,25,"IA",32530500,"-93.63853500000001","41.908106",16.81,179.03,0,0
0,7,0,0,2015,0,2,"IA",32536800,"-93.58887","42.108443",16.74,151.95,0,0
0,7,0,0,2015,0,45,"IA",32543100,"-91.932298","40.87141",18.2,198.93,0,0
0,8,1,0,2015,0.15,45,"ID",32533200,"-112.128874","43.455795",9.54,16.67,0,0
0,8,1,0,2015,0.05,34,"ID",32514300,"-112.787784","42.818747",11.76,8.93,0,0
0,10,0,0,2015,0,20,"ID",32539500,"-116.319724","43.568514",7.65,18.39,0,0
0,7,0,0,2015,0,3,"ID",32538600,"-114.7329","42.8701666666666",14.39,13.75,0,0
0,9,0,1,2015,0,73,"ID",32528700,"-114.709718","42.603831",9.23,13.16,0,0
0,9,0,1,2015,0,0,"ID",32526900,"-111.618744","42.706483",4.48,72.99,0,0
0,9,0,1,2015,0,0,"ID",32525100,"-116.928932","43.94553",8.39,9.71,0,0
0,8,1,0,2015,0,10,"CA",32530500,"-116.694598","43.613563",13.73,2.25,0,0
0,7,0,0,2015,0,23,"ID",32536800,"-116.08038","46.208129",12.21,26.67,0,0
0,7,0,0,2015,0,15,"ID",32544900,"-116.595238","48.168303",10.81,13.5,0,0
0,8,1,0,2015,0,52,"ID",32532300,"-112.82573","42.545315",11.6,15.53,0,0
0,7,0,0,2015,0,17,"OR",32535900,"-116.711814","46.56352",15.48,6.14,0,0
0,7,0,0,2015,0,7,"ID",32533200,"-116.55507","48.20046",10.65,14.13,0,0
0,7,0,0,2015,0,2,"ID",32534100,"-114.6684","42.99995",13.96,12.88,0,0
0,7,0,0,2015,0,12,"ID",32537700,"-116.85511","47.74864",13.03,17.02,0,0
0,8,1,0,2015,0,241,"ID",32547600,"-115.67064","43.135099",15.06,4.91,0,0
0,8,1,0,2015,0,3,"ID",32536800,"-116.554332","43.913377",13.79,2.57,0,0
0,8,1,0,2015,0,4,"ID",32535900,"-116.507467","43.906568",13.64,2.94,0,0
0,8,1,0,2015,0,31,"ID",32537700,"-116.831709","43.613364",13.66,2.31,0,0
0,8,1,0,2015,0,22,"ID",32525100,"-116.27287","43.561726",15.23,2.65,0,0
0,8,1,0,2015,0,77,"ID",32541300,"-112.84706","42.964396",10.98,12.08,0,0
0,6,0,0,2015,0,22,"ID",32517900,"-116.119961","43.55581",14.39,6.54,0,0
0,7,0,0,2015,0,44,"MT",32541300,"-116.382993","48.926749",12.92,17.53,0,0
0,7,0,0,2015,0,41,"IL",32534100,"-89.26602200000001","38.763519",20.1,68.56,0,0
0,7,0,0,2015,0,21,"IL",32538600,"-89.33427","38.287887",20.49,104.07,0,0
0,7,0,0,2015,0,16,"IL",32518800,"-90.97714000000001","39.874488",18.86,253.21,0,0
0,7,0,0,2015,0.05,33,"IL",32527800,"-88.68216700000001","38.30246",20.29,77.83,0,0
0,7,0,0,2015,0,27,"IL",32537700,"-89.275848","37.720108",21.31,185.88,0,0
0,8,1,0,2015,0,44,"IL",32534100,"-88.030914","38.938583",16.59,33.19,0,0
0,8,1,0,2015,0,30,"IL",32541300,"-88.50786100000001","38.674578",19.56,78.78,0,0
0,8,1,0,2015,0,26,"IL",32531400,"-90.307976","39.027097",19.76,104.95,0,0
0,8,1,0,2015,0,4,"IL",32526000,"-88.92374","41.30394",16.09,68.46,0,0
0,8,1,0,2015,0,45,"IL",32537700,"-89.764674","42.155419",14.38,102.79,0,0
0,8,1,0,2015,0.95,55,"IL",32532300,"-89.154194","41.975583",14.7,82.32,0,0
0,8,1,0,2015,0,31,"IL",32544000,"-89.20992","40.07118",16.15,34.92,0,0
0,8,1,0,2015,0,36,"IL",32537700,"-89.65785","38.01476",17.76,67.35,0,0
0,8,1,0,2015,0,130,"IL",32525100,"-88.8909","39.81082",16.7,59.7,0,0
0,8,1,0,2015,0,20,"IL",32528700,"-89.54522","39.95476",16.45,33.15,0,0
0,9,0,1,2015,0,86,"IL",32532300,"-88.84089","40.42119",15.22,140.13,0,0
0,7,0,0,2015,0,2,"IL",32535900,"-89.98933","42.06155",15.14,92.05,0,0
0,7,0,0,2015,0,5,"IL",32530500,"-90.636303","40.9033",17.48,237.39,0,0
0,7,0,0,2015,0,6,"IL",32534100,"-90.13997999999999","41.8348",17.05,77.58,0,0
0,8,1,0,2015,0,2,"IL",32531400,"-87.96545","42.31748",16.01,84.2,0,0
0,8,1,0,2015,0,9,"IL",32543100,"-90.50263","42.45704",14.81,75.03,0,0
0,8,1,0,2015,0,6,"IL",32529600,"-87.7171","41.8875",18.39,147.49,0,0
0,8,1,0,2015,0.05,19,"IL",32534100,"-88.40178","44.7746",13.81,103.09,0,0
0,6,0,0,2015,0.2,2,"IN",32536800,"-86.26958500000001","39.982102",17.02,226.07,0,0
0,7,0,0,2015,0,64,"IN",32528700,"-86.092022","40.583592",16.98,83.13,0,0
0,7,0,0,2015,0,17,"IN",32538600,"-86.36577200000001","38.56671",18.51,124.43,0,0
0,8,1,0,2015,0,75,"IN",32530500,"-86.227338","38.843161",15.78,60.05,0,0
0,8,1,0,2015,0,29,"IN",32549400,"-86.179766","40.743416",15.3,87.98,0,0
0,8,1,0,2015,0.3,44,"IN",32535000,"-85.762715","39.740564",14.84,27.34,0,0
0,9,0,1,2015,0,53,"IN",32530500,"-86.320438","39.527425",14.34,43.21,0,0
0,9,0,1,2015,0.05,25,"IN",32523300,"-85.743189","40.666984",13.67,72.64,0,0
0,9,0,1,2015,0,11,"IN",32530500,"-85.741829","40.676251",13.67,72.64,0,0
0,9,0,1,2015,0.35,55,"IN",32536800,"-85.717899","40.678049",13.86,72.15,0,0
0,9,0,1,2015,0,8,"IN",32548500,"-85.65557200000001","40.661984",14.1,79.62,0,0
0,9,0,1,2015,0.35,46,"IN",32526000,"-85.092322","39.120318",13.89,53.91,0,0
0,9,0,1,2015,0,53,"IN",32525100,"-85.103977","39.195435",13.81,58.09,0,0
0,9,0,1,2015,0.05,80,"IN",32529600,"-84.983214","39.00124",14.35,40.54,0,0
0,9,0,1,2015,0,65,"IN",32529600,"-84.98253200000001","39.003453",14.35,40.54,0,0
0,9,0,1,2015,0.1,0,"IN",32527800,"-85.441597","38.628894",14.15,35.77,0,0
0,9,0,1,2015,0,36,"IN",32524200,"-86.948931","40.42746",14.1,77.69,0,0
0,9,0,1,2015,0.1,28,"IN",32538600,"-86.48875","39.864499",14.09,58.44,0,0
0,9,0,1,2015,0,193,"IN",32530500,"-86.227338","38.843161",14.06,38.12,0,0
0,9,0,1,2015,0,135,"IN",32530500,"-86.227338","38.843161",14.06,38.12,0,0
0,9,0,1,2015,0,215,"IN",32530500,"-86.227338","38.843161",14.06,38.12,0,0
0,9,0,1,2015,0,122,"IN",32537700,"-85.956282","38.265704",14.67,43.72,0,0
0,9,0,1,2015,0,83,"IN",32521500,"-86.500102","39.439501",13.06,40.21,0,0
0,9,0,1,2015,0,26,"IN",32523300,"-86.624324","39.383135",12.68,41.02,0,0
0,10,0,0,2015,0.05,86,"KY",32538600,"-86.84229499999999","37.33313",7.88,119.26,0,0
0,10,0,0,2015,0,10,"KY",32544000,"-85.222758","38.234514",7.79,117.62,0,0
0,10,0,0,2015,0.1,22,"KY",32545800,"-88.676745","36.574183",9.46,115.27,0,0
0,10,0,0,2015,0,91,"KY",32532300,"-88.427521","36.828435",9.66,94.06,0,0
0,9,0,1,2015,0,81,"KY",32529600,"-82.652935","37.824761",15.11,84.46,0,0
0,9,0,1,2015,0.15,145,"KY",32535000,"-84.13326100000001","36.901924",14.98,111.96,0,0
0,9,0,1,2015,0,77,"KY",32540400,"-84.530688","37.664734",14.41,114.9,0,0
0,9,0,1,2015,0,140,"KY",32526900,"-86.136405","36.962265",14.39,77.91,0,0
0,9,0,1,2015,0,7,"KY",32527800,"-85.18149800000001","37.278415",14.18,92.51,0,0
0,9,0,1,2015,0,28,"KY",32540400,"-85.633639","37.486897",15.05,74.3,0,0
0,8,1,0,2015,0,17,"KY",32530500,"-84.65189","37.0952",19.59,110.53,0,0
0,7,0,0,2015,0.15,12,"KY",32526900,"-84.369044","38.187936",19.5,216.56,0,0
0,6,0,0,2015,0,15,"MI",32532000,"-85.63902899999999","42.029325",14.63,161.5,0,0
0,6,0,0,2015,0.05,4,"MI",32533100,"-85.166887","42.030939",14.51,195.24,0,0
0,6,0,0,2015,0.45,10,"MI",32532500,"-85.634823","42.066751",14.7,168.65,0,0
0,10,0,0,2015,0.05,44,"MI",32538600,"-84.134642","42.36795",5.44,48.2,0,0
0,10,0,0,2015,0,65,"MI",32535000,"-83.232117","43.569283",4.29,66.21,0,0
0,10,0,0,2015,0,77,"MI",32539500,"-86.079499","42.628306",6.17,52.2,0,0
0,10,0,0,2015,0.65,2,"MI",32535900,"-85.39521000000001","44.39892",2.72,56.18,0,0
0,10,0,0,2015,0,21,"MI",32308200,"-82.85955","43.673305",4.87,68.35,0,0
0,10,0,0,2015,0,207,"MI",32531400,"-84.32911","43.6426",4.92,65.89,0,0
0,10,0,0,2015,0,9,"MI",32532300,"-84.187696","43.354852",5.2,62.43,0,0
0,10,0,0,2015,0.3,154,"MI",32537700,"-86.074405","42.77825",6.56,65.26,0,0
0,10,0,0,2015,0.35,17,"MI",32534100,"-85.19670000000001","42.8576",5.2,63.5,0,0
0,10,0,0,2015,0,118,"MI",32534100,"-82.978961","43.205136",4.83,58.86,0,0
0,10,0,0,2015,0,55,"MI",32522400,"-85.662589","45.031482",6.35,59.99,0,0
0,10,0,0,2015,0.1,0,"MI",32533200,"-82.79449200000001","43.643117",4.95,72.41,0,0
2700,10,0,0,2015,0.85,10,"MI",32524200,"-85.997576","44.61682",4.72,79.38,8.30151087497925e-05,0.667183940141245
0,10,0,0,2015,0.2,22,"MI",32536800,"-84.95543000000001","43.4278",4.06,58.49,0,0
0,10,0,0,2015,0,36,"MI",32529600,"-85.63902899999999","42.029325",5.59,38.18,0,0
0,10,0,0,2015,0.1,29,"MI",32536800,"-82.823156","43.679459",4.82,68.23,0,0
1800,10,0,0,2015,0.1,83,"MI",32537700,"-84.44589600000001","43.24767",5.06,60.69,5.53204436699582e-05,0.444789293427497
0,7,0,0,2015,0,2,"MI",32534100,"-85.19696999999999","42.8576",14.41,101.63,0,0
0,10,0,0,2015,0,22,"MI",32537700,"-82.65922999999999","43.536549",5.9,84.94,0,0
0,10,0,0,2015,0,33,"MI",32541300,"-85.634823","42.066751",5.78,40.44,0,0
0,10,0,0,2015,0.05,2,"MI",32535900,"-84.9862","43.419293",3.85,59.14,0,0
3600,11,0,0,2015,0.45,11,"MI",32531400,"-85.39344","43.36537",NA,NA,0.000110662313948985,0.889578586854994
0,10,0,0,2015,0,0,"MI",32540400,"-84.03740999999999","43.10076",4.95,55.96,0,0
1800,10,0,0,2015,0,19,"MI",32539500,"-83.894262","43.010577",4.96,59.54,5.5317383487761e-05,0.444789293427497
0,6,0,0,2015,0.25,0,"MN",32530500,"-91.97926699999999","43.67336",NA,NA,0,0
0,6,0,0,2015,0.15,0,"MN",32533600,"-91.91094800000001","44.150306",14.82,117.95,0,0
0,6,0,0,2015,0.1,4,"MN",32533600,"-94.36006","45.83012",11.78,141.57,0,0
0,6,0,0,2015,0,2,"MN",32535400,"-92.368408","44.04338",13.49,168.04,0,0
0,6,0,0,2015,0.2,2,"MN",32535300,"-92.99789","45.75073",12.15,109.16,0,0
0,6,0,0,2015,0.05,19,"MN",32534400,"-93.418128","44.43951",14.23,92.19,0,0
0,6,0,0,2015,0.45,10,"MN",32533200,"-92.394778","43.904402",13.84,130.71,0,0
0,6,0,0,2015,0.25,46,"MN",32533400,"-93.427725","44.754812",14.61,122.12,0,0
0,6,0,0,2015,0,0,"MN",32533900,"-94.60474000000001","46.5624",11.21,48.58,0,0
0,6,0,0,2015,0.15,0,"MN",32532700,"-93.09084","45.59366",12.58,110.78,0,0
0,10,0,0,2015,0,138,"MN",32518800,"-92.399844","44.021518",3.49,38.91,0,0
0,9,0,1,2015,0,54,"MN",32544000,"-94.431451","45.929849",11.28,33.87,0,0
0,9,0,1,2015,0,154,"MN",32545800,"-94.431451","45.896052",11.49,25.62,0,0
0,9,0,1,2015,0.15,39,"MN",32526900,"-94.55047999999999","47.74299",9.8,21.01,0,0
0,10,0,0,2015,0.2,102,"MN",32537700,"-95.814246","44.210148",4.14,25.28,0,0
0,10,0,0,2015,0,98,"MN",32542200,"-93.42770299999999","44.754766",4.57,63.61,0,0
0,9,0,1,2015,0,37,"MN",32526000,"-94.85183000000001","47.75056",10.28,19.29,0,0
0,5,0,0,2015,0.3,0,"CA",32524200,"-110.230068","47.143073",2.83,114.45,0,0
0,5,0,0,2015,0.05,1,"MT",32527800,"-112.105237","45.907416",4.24,55.93,0,0
0,5,0,0,2015,0.75,0,"ID",32531400,"-111.91517","45.79692",4.2,79.34,0,0
0,5,0,0,2015,0.15,1,"ID",32532900,"-111.37509","45.879815",4.89,60.71,0,0
0,5,0,0,2015,0,10,"MT",32533800,"-111.21677","45.70717",4.47,74.21,0,0
0,5,0,0,2015,0.2,11,"MT",32534000,"-111.34215","47.47151",4.18,105.66,0,0
0,5,0,0,2015,0,1,"MT",32533600,"-111.342292","47.637819",3.85,101.42,0,0
0,6,0,0,2015,0.95,3,"CA",32534800,"-110.990986","45.672421",9.75,23.26,0,0
0,6,0,0,2015,0.35,1,"MT",32533000,"-109.22855","45.48872",11.61,31.54,0,0
0,6,0,0,2015,0,1,"MT",32535500,"-114.06761","47.15626",10.68,17.09,0,0
2700,6,0,0,2015,0.1,3,"MT",32532300,"-108.681097","45.782696",12.45,45.55,8.2994439372562e-05,0.667183940141245
0,6,0,0,2015,0.7,0,"MT",32535000,"-110.535694","45.695771",9.73,29.42,0,0
0,6,0,0,2015,0.4,1,"OR",32533600,"-107.379373","45.205035",11.13,64.61,0,0
372200,6,0,0,2015,0.1,0,"MT",32533700,"-107.59968","45.70476",12.48,58.44,0.0114404448310521,91.9725416742857
0,6,0,0,2015,0,1,"MT",32534900,"-108.73379","45.64399",11.69,56.72,0,0
0,6,0,0,2015,0.95,0,"MT",32533100,"-108.72645","45.73026",12.19,52,0,0
0,6,0,0,2015,0.1,13,"MT",32524200,"-114.0565023","46.2924875",8.93,25.16,0,0
0,6,0,0,2015,0,6,"MT",32535900,"-114.2010891","47.9734055",10.4,21.38,0,0
0,6,0,0,2015,0.1,1,"MT",32533200,"-113.82696","46.8311878",10.23,22.53,0,0
0,6,0,0,2015,0,7,"MT",32539500,"-110.9970152","45.6530588",9.75,23.26,0,0
0,8,1,0,2015,0,39,"MT",32535000,"-112.069429","46.626555",11.33,10.47,0,0
0,8,1,0,2015,0.15,1,"MT",32534100,"-112.1606207","45.8008906",8.79,11.18,0,0
0,8,1,0,2015,0.1,3,"MT",32537700,"-112.2294647","45.5983791",8.44,21.42,0,0
0,8,1,0,2015,0,3,"MT",32535900,"-114.068524","46.910694",10.6,8.31,0,0
0,8,1,0,2015,0,0,"MT",32536800,"-110.71815","47.8393611",11.55,8.41,0,0
0,8,1,0,2015,0,39,"MT",32526000,"-114.169281","48.3408058",7.69,7.39,0,0
0,8,1,0,2015,0,5,"MT",32519700,"111.972419444444","46.1627166666666",NA,NA,0,0
0,8,1,0,2015,0.05,73,"NC",32531400,"-79.47055555555551","36.2088888888888",20.35,54.11,0,0
0,8,1,0,2015,0,36,"NC",32535000,"-81.5483333333333","30.2391666666666",24.06,288.4,0,0
0,8,1,0,2015,0.2,24,"NC",32533200,"-79.25363","36.11782",20.38,53.92,0,0
0,8,1,0,2015,0,4,"NC",32536800,"-78.4051","36.303",18.62,43.15,0,0
0,9,0,1,2015,1.5,53,"NC",31770000,"-79.52274","36.17572",16.19,157.5,0,0
0,9,0,1,2015,0,79,"",32521500,"-79.49082","36.22728",16.16,184.44,0,0
0,8,1,0,2015,0,31,"NC",32520600,"-77.20777777777769","36.0169444444444",21.35,77.32,0,0
0,8,1,0,2015,0,65,"NC",32529600,"-79.23712","36.27873",17.97,50.34,0,0
0,8,1,0,2015,0.05,42,"NC",32529600,"-79.05233","36.27122",20.13,45.84,0,0
43200,9,0,1,2015,0,2,"ND",32526000,"-99.98757999999999","48.79143",7.23,108.45,0.00132816823464305,10.6749430422599
2418300,9,0,1,2015,0,0,"ND",32527800,"-100.05357","48.72628",7.1,65.49,0.0743456366554148,597.574415719842
640800,9,0,1,2015,0,6,"CA",32530500,"-100.29266","48.74787",7.31,106.91,0.0196984368515701,158.344988460189
680400,9,0,1,2015,0,0,"ND",32536800,"-102.7785","46.13218",8.82,19.1,0.0209117061296747,168.130352915594
0,9,0,1,2015,0,18,"PA",32526000,"-99.14646000000001","47.55879",9.33,25.11,0,0
454500,9,0,1,2015,0,0,"ND",32535000,"-102.84725","46.85415",8.79,34.09,0.013969571230982,112.309296590443
1052100,9,0,1,2015,0,0,"ND",32528700,"-101.93615","46.58767",8.76,33.83,0.0323437456768946,259.979342008372
800100,9,0,1,2015,0.05,0,"AZ",32541300,"-102.95562","48.43418",6.11,73.03,0.0245872168598058,197.708840928522
0,7,0,0,2015,0,28,"NJ",32532100,"-75.09916742","39.46657239",19.49,149.66,0,0
0,7,0,0,2015,0.1,10,"NJ",32530500,"-75.23905225999999","39.74358795",21.02,108.25,0,0
0,6,0,0,2015,0.15,32,"NJ",32536800,"-74.6503","39.4475",17.45,237.12,0,0
0,6,0,0,2015,0.8,2,"NJ",32533800,"-74.8638","39.4957",17.25,301.63,0,0
0,6,0,0,2015,0.9,6,"NJ",32533200,"-74.6033","39.5035",17.4,236.43,0,0
900,7,0,0,2015,0.95,7,"NJ",32534600,"-74.27606391000001","39.76067835",18.94,107.66,2.76628573887492e-05,0.222394646713748
0,10,0,0,2015,0,68,"NJ",32500800,"-74.726168","40.074043",6.24,117.59,0,0
0,9,0,1,2015,0.85,82,"NJ",32531400,"-74.724183","39.260191",16.99,90.3,0,0
0,10,0,0,2015,0,88,"NJ",32533200,"-74.573989","40.316812",4.63,119.22,0,0
0,9,0,1,2015,0.05,22,"NJ",32517900,"-74.89129200000001","38.997873",17.89,74.96,0,0
0,9,0,1,2015,0,84,"NJ",32529600,"-74.569625","40.56443",13.71,78.58,0,0
37800,9,0,1,2015,0,112,"NJ",32535900,"-74.704579","41.128529",12.57,120.77,0.00116179358800586,9.34057516197743
0,10,0,0,2015,0,7,"NJ",32545800,"-75.118094","39.718807",7.74,99.93,0,0
19800,9,0,1,2015,0,56,"NJ",32533200,"-74.80285499999999","40.48502",14.38,79.29,0.000608609051676441,4.89268222770247
0,9,0,1,2015,0.2,1,"NJ",32526900,"-74.18661400000001","40.045686",15.75,63.28,0,0
0,9,0,1,2015,0,40,"NJ",32532300,"-74.894463","40.431794",14.52,99.53,0,0
0,9,0,1,2015,0.35,50,"NJ",32488200,"-74.952979","38.958718",18.21,66.01,0,0
0,9,0,1,2015,0,47,"NJ",32536800,"-75.029856","40.844371",12.67,112.57,0,0
0,9,0,1,2015,1.95,66,"NJ",32531400,"-74.864924","39.497218",15.85,59.9,0,0
0,9,0,1,2015,0.05,4,"NJ",32535000,"-75.25167999999999","39.635547",17.11,106.89,0,0
0,9,0,1,2015,0,54,"NJ",32532300,"-74.077935","40.313549",16.35,51.26,0,0
0,9,0,1,2015,0.15,2,"NJ",32530500,"-74.340895","40.877407",14.96,116.83,0,0
0,9,0,1,2015,0.2,57,"NJ",32531400,"-74.60279900000001","39.503743",16.29,79.92,0,0
0,8,1,0,2015,0.25,95,"NJ",32531400,"-75.06581300000001","40.946317",14.54,109.86,0,0
0,9,0,1,2015,0,43,"NJ",32528700,"-75.107803","39.805994",17.84,163.57,0,0
0,9,0,1,2015,0,4,"NJ",32537700,"-74.91653","39.91598",16.42,85.55,0,0
0,9,0,1,2015,0.55,3,"NJ",32544900,"-74.80766","39.316451",15.57,73.26,0,0
0,9,0,1,2015,0,5,"NJ",32541300,"-74.836054","39.629364",15.72,81.85,0,0
0,9,0,1,2015,0,24,"NJ",32538600,"-74.724217","40.016649",15.14,76.54,0,0
0,10,0,0,2015,0,22,"NJ",32529600,"-74.721413","40.299258",6.11,125.129,0,0
0,9,0,1,2015,0,126,"NM",32536800,"-105.940537","32.860009",17.33,16.48,0,0
0,11,0,0,2015,0,59,"NM",32524200,"-106.718246","32.11891",NA,NA,0,0
0,10,0,0,2015,0,303,"NM",32522400,"-106.67591","34.999012",9.09,27.21,0,0
0,10,0,0,2015,0,196,"NM",32530500,"-106.612659","35.220188",7.98,37.29,0,0
0,9,0,1,2015,0.2,193,"NM",32526000,"-106.694112","35.198517",13.74,19.66,0,0
0,10,0,0,2015,0,205,"NM",32525100,"-106.680034","35.069315",8.67,30.24,0,0
0,9,0,1,2015,0.05,173,"NM",32542200,"-105.982522","35.893359",10.82,10.54,0,0
0,10,0,0,2015,0,73,"NM",32518800,"-105.839796","36.036329",3.63,76.23,0,0
0,7,0,0,2015,0.25,36,"NM",32526000,"-122.085","37.4219722222222",15.83,0,0,0
0,10,0,0,2015,0,68,"NM",32524200,"-105.812756","36.044183",3.63,76.23,0,0
0,9,0,1,2015,0,219,"NM",32530500,"-106.627775","35.224131",12.81,15.09,0,0
0,10,0,0,2015,0,93,"NM",32529600,"-105.97044","36.173769",5.07,58.64,0,0
0,11,0,0,2015,0,39,"NM",32540400,"-106.825513","32.270774",NA,NA,0,0
0,9,0,1,2015,0,176,"NM",32530500,"-106.597652","35.100728",15.11,37.02,0,0
0,9,0,1,2015,0,169,"NM",32535000,"-106.726022","34.984284",13.66,28.48,0,0
0,11,0,0,2015,0,155,"NM",32545800,"-106.686699","35.116106",NA,NA,0,0
0,11,0,0,2015,0,45,"NM",32537700,"-106.68012","32.141383",NA,NA,0,0
0,11,0,0,2015,0,133,"NM",32530500,"-106.620932","35.217144",NA,NA,0,0
0,11,0,0,2015,0,40,"NM",32525100,"-106.656043","35.093876",NA,NA,0,0
0,9,0,1,2015,0,88,"NM",32539500,"-106.652173","35.16794",13.5,22.42,0,0
0,9,0,1,2015,0,159,"NM",32532300,"-106.678506","35.245958",13.96,16.96,0,0
0,11,0,0,2015,0,123,"NM",32534100,"-106.717763","32.119112",NA,NA,0,0
0,10,0,0,2015,0,7,"NM",32532300,"-105.964772","32.768208",10.72,58.52,0,0
0,7,0,0,2015,0.1,7,"OH",32530500,"-83.733592","40.472039",15.71,129.02,0,0
0,7,0,0,2015,0.1,72,"OH",32543100,"-84.48375299999999","39.208964",18.52,140.22,0,0
0,7,0,0,2015,0.15,38,"OH",32529600,"-83.742352","40.478085",15.71,129.02,0,0
0,7,0,0,2015,0,12,"OH",32540400,"-82.691774","39.83857",17.23,149.48,0,0
0,7,0,0,2015,0.1,9,"OH",32522400,"-81.047336","39.628154",17.21,101.09,0,0
0,7,0,0,2015,0.1,24,"OH",32534100,"-82.281346","40.125703",16.2,137.49,0,0
0,6,0,0,2015,0,82,"PA",32532400,"-76.789827","40.575517",16,203.36,0,0
0,6,0,0,2015,0,3,"PA",32532700,"-76.65853900000001","39.91512",16.61,261.09,0,0
0,6,0,0,2015,0.25,1,"PA",32531600,"-75.58744400000001","40.8869137",14.6,192.22,0,0
0,6,0,0,2015,0.15,2,"PA",32534200,"-77.09893940000001","40.902331",15.44,218.82,0,0
0,6,0,0,2015,0.45,5,"PA",32534900,"-79.91246","41.00026",13.59,276.84,0,0
0,6,0,0,2015,0.05,5,"PA",32533900,"-76.73811000000001","40.016901",16.98,191.53,0,0
0,8,1,0,2015,0,89,"PA",32532300,"-80.15609000000001","41.588",14.21,70.74,0,0
0,8,1,0,2015,0,122,"PA",32529600,"-79.976658","41.09444",12.82,65.65,0,0
0,9,0,1,2015,0,6,"PA",32542200,"-79.052956","41.178614",12.3,155.71,0,0
0,7,0,0,2015,0,8,"PA",32521500,"-77.33498299999999","41.16286",15.64,103.3,0,0
0,7,0,0,2015,0,16,"PA",32533200,"-76.99843","40.65887",15.98,136.67,0,0
0,8,1,0,2015,0,36,"PA",32535000,"-77.000908","41.959008",12.4,72.19,0,0
0,8,1,0,2015,0,23,"PA",32523300,"-78.2948","40.47711",14.38,28.79,0,0
0,8,1,0,2015,0,96,"PA",32544000,"-79.08838","40.10755",11.65,46.6,0,0
0,8,1,0,2015,0,15,"PA",32535900,"-78.68629","41.20013",13.23,69.3,0,0
0,7,0,0,2015,0,7,"PA",32523300,"-76.701621","40.260522",18.46,87.74,0,0
0,7,0,0,2015,0,7,"PA",32529600,"-77.06519900000001","40.076229",17.65,92.24,0,0
0,7,0,0,2015,0,56,"PA",32542200,"-76.57579","40.0938",18.45,96.73,0,0
0,8,1,0,2015,0,17,"PA",32542200,"-75.2265","40.09295",18.25,90.89,0,0
0,9,0,1,2015,0,106,"PA",32532300,"-75.814093","40.557783",13.98,143.13,0,0
0,9,0,1,2015,0,44,"PA",32529600,"-75.249932","40.161198",15.2,88.24,0,0
0,9,0,1,2015,1.3,35,"PA",32535000,"-76.759351","41.116681",13.78,96.4,0,0
0,10,0,0,2015,0.5,192,"PA",32528700,"-76.9033098","41.1224913",5.22,82.57,0,0
0,6,0,0,2015,0,10,"SD",32534600,"-98.290435398","43.6623167142",14.76,75.45,0,0
2700,6,0,0,2015,0.2,38,"SD",32532300,"-103.16371","43.59696",13.34,196.02,8.2994439372562e-05,0.667183940141245
24000,6,0,0,2015,0.65,1,"SD",32530900,"-103.10486","43.50717",13.39,198.95,0.000737760098859853,5.93052391236662
0,6,0,0,2015,0.25,0,"VT",27536300,"-102.49822","44.33686",13.06,175.61,0,0
145300,6,0,0,2015,0.35,3,"SD",32534800,"-102.54258","44.30825",13.17,188.42,0.00446598718910213,35.9043801861196
0,6,0,0,2015,3.7,0,"SD",32534300,"-103.21403","44.3738",13.69,173.22,0,0
0,6,0,0,2015,6.5,1,"SD",32533300,"-103.20565","44.36985",13.69,173.22,0,0
900,6,0,0,2015,3.55,0,"SD",32532800,"-103.2091","44.33929",13.74,188.58,2.76643879407859e-05,0.222394646713748
0,6,0,0,2015,0.6,2,"SD",32533100,"-97.48238781000001","43.1074096115",15.3,98.85,0,0
900,7,0,0,2015,2.9,112,"SD",32533200,"-96.712573194","42.6954916599",16.87,137.76,2.76640478034746e-05,0.222394646713748
0,8,1,0,2015,0.5,12,"SD",32518800,"-100.49625245","43.048536",14,65.42,0,0
10511100,10,0,0,2015,0.3,51,"NE",32536800,"-100.25887872","44.7690999256",4.59,35.64,0.323052666519141,2597.34707896987
1161900,10,0,0,2015,0,22,"SD",32524200,"-99.96026945600001","45.8578955307",3.17,21,0.0357241684653274,287.111488907449
5400,10,0,0,2015,0.25,29,"SD",32527800,"-98.24961925300001","44.3090274202",4.24,40.61,0.000166011842178075,1.33436788028249
4500,10,0,0,2015,0.25,121,"SD",32529600,"-98.225098","44.5493845416",3.62,34.22,0.000138335546702081,1.11197323356874
900,10,0,0,2015,0,0,"SD",32525100,"-100.34116208","44.0535851249",5.4,29.53,2.76709372146435e-05,0.222394646713748
65700,10,0,0,2015,0.45,9,"SD",32526900,"-98.290435398","43.6623167142",5.18,46.48,0.00201986663346338,16.2348092101036
1800,11,0,0,2015,0,88,"OR",32536800,"-98.160519873","45.7953414189",NA,NA,5.53219738880283e-05,0.444789293427497
21600,8,1,0,2015,0.4,20,"ND",32536800,"-102.35755","45.37442",13.19,66.05,0.00066386368665634,5.33747152112996
415800,8,1,0,2015,0.55,5,"ND",32536800,"-102.5063","45.44046",13.93,80.46,0.0127793759681345,102.746326781752
5400,8,1,0,2015,0.2,8,"ND",32530500,"-10.55561","45.3986",NA,NA,0.000165998063355928,1.33436788028249
9000,10,0,0,2015,0.3,8,"WY",32533200,"-103.426266666666","44.6431",3.92,45.07,0.000276640478034746,2.22394646713748
1800,10,0,0,2015,0,4,"SD",32542200,"-98.24590594","44.0866296895",4.78,46.69,5.53127938492173e-05,0.444789293427497
20700,10,0,0,2015,0.15,54,"SD",32536800,"-102.00149","45.02039",4.15,43.23,0.000636202699712326,5.11507687441621
0,10,0,0,2015,0,91,"SD",32534100,"-102.08623","45.01342",4,41.07,0,0
0,10,0,0,2015,0,5,"SD",32533200,"-102.13681","45.01522",3.82,40.31,0,0
0,10,0,0,2015,0,1,"SD",32524200,"-102.36307","45.01526",3.1,41.08,0,0
0,10,0,0,2015,0,6,"SD",32535000,"-102.04801","43.42621",3.08,30.31,0,0
0,10,0,0,2015,0,11,"SD",32527800,"-103.12356","44.25394",4.67,32.85,0,0
0,1,0,0,2015,0,0,"TX",32534300,"-106.1354","31.46777",-4.41,13.57,0,0
0,1,0,0,2015,0,0,"TX",32532000,"-106.1324","31.48146",-4.41,13.57,0,0
0,2,0,0,2015,1.1,3,"ND",32532300,"-94.52634000000001","32.16767",1.31,104.01,0,0
105300,2,0,0,2015,0,17,"TX",32533300,"-101.6746823","33.5403738",-1.65,17.95,0.00323668364414308,26.0201736655086
0,3,0,0,2015,0,11,"MN",32532000,"-93.88395","30.89993",9.36,227.82,0,0
0,4,0,0,2015,0.9,18,"TX",32533300,"-97.89798999999999","28.5106",17.52,139.26,0,0
0,4,0,0,2015,2.55,4,"NE",32533000,"-94.38515","32.08657",13.52,195.76,0,0
0,5,0,0,2015,0.05,16,"TX",32534600,"-98.0441","26.14001",22.72,116.89,0,0
900,5,0,0,2015,0,2,"TX",32533400,"-97.99123","26.33648",22.71,156.62,2.76638777379555e-05,0.222394646713748
0,5,0,0,2015,0.25,2,"TX",32533600,"-95.0815516666666","29.619375",21.33,447.09,0,0
0,6,0,0,2015,0.15,23,"TX",32533700,"-103.211882","29.333453",19.07,41.81,0,0
1800,7,0,0,2015,0,41,"TX",32531500,"-96.31535100000001","33.0405933",24.08,5.11,5.533098688963e-05,0.444789293427497
0,9,0,1,2015,0,53,"TX",32527800,"-98.666135","34.069958",19.72,30.15,0,0
0,9,0,1,2015,0,49,"TX",32536800,"-98.62763","33.509439",19.79,22.48,0,0
0,9,0,1,2015,0.05,41,"TX",32539500,"-99.77240000000001","29.30125",20.5,0.97,0,0
0,9,0,1,2015,0,0,"TX",32541300,"-96.356083","33.38511",20.42,54.71,0,0
0,9,0,1,2015,0,2,"TX",32537700,"-96.35578099999999","33.046727",20.23,24.78,0,0
0,10,0,0,2015,0,18,"TX",32531400,"-98.963493","29.046476",16.71,105.18,0,0
0,11,0,0,2015,0,1,"TX",32517000,"-99.01269499999999","31.32443",NA,NA,0,0
0,11,0,0,2015,0.1,3,"TX",32534100,"-94.72187333333331","33.0317933333333",NA,NA,0,0
0,3,0,0,2015,0,3,"UT",32535800,"-113.506583","37.109315",3.67,36.95,0,0
0,4,0,0,2015,0.4,1,"UT",32536200,"-113.30821","37.145613",7.35,14.78,0,0
0,4,0,0,2015,0.1,0,"UT",32534000,"-111.8213","40.00201",2.74,36.99,0,0
0,5,0,0,2015,0.35,1,"UT",32551200,"-111.770735","40.02661",7.75,75.46,0,0
0,5,0,0,2015,0.1,0,"UT",32541300,"-112.186544","41.869091",6.42,148.26,0,0
0,6,0,0,2015,0.15,0,"UT",32544900,"-111.797993","40.048998",14.8,6.64,0,0
0,6,0,0,2015,0.05,26,"UT",32536800,"-111.288729","40.679841",8.17,9.66,0,0
0,6,0,0,2015,0,12,"UT",32535000,"-111.898475","40.662006667",16.03,15.02,0,0
0,6,0,0,2015,0.2,0,"UT",32526000,"-112.480809","40.60776",15.14,16.15,0,0
0,6,0,0,2015,0,4,"UT",32535000,"-111.84619333","40.761643333",15.25,13.07,0,0
0,6,0,0,2015,0,4,"UT",32536800,"-109.99855","40.282208",11.29,5.09,0,0
0,6,0,0,2015,0,6,"UT",32525100,"-111.8289","41.74514",11.88,22.07,0,0
0,6,0,0,2015,0,35,"UT",32541300,"-111.82942","41.55057",10.96,15.1,0,0
0,6,0,0,2015,0,4,"UT",32525100,"-111.83427333","40.769741667",15.25,13.07,0,0
0,6,0,0,2015,0,20,"UT",32537700,"-112.34251","40.52604",14.57,30.59,0,0
0,6,0,0,2015,0,0,"UT",32532300,"-112.10459","41.80679",14.01,8.44,0,0
0,6,0,0,2015,0,1,"UT",32520600,"-111.815481","40.367738",13.48,13.34,0,0
0,6,0,0,2015,0,11,"UT",32537700,"-111.85762","40.75966",16.58,12.82,0,0
0,7,0,0,2015,0,54,"UT",32533200,"-112.0725","40.81284",18.38,39.9,0,0
0,8,1,0,2015,0,45,"UT",32528700,"-111.708430281","40.3468612583",16.16,25.51,0,0
0,8,1,0,2015,0,18,"UT",32540400,"-113.28648","41.965756667",15.08,22.84,0,0
0,9,0,1,2015,0.05,104,"UT",32538600,"-111.94109667","40.719616667",14.08,42.29,0,0
0,9,0,1,2015,0,11,"UT",32527800,"-109.28445","38.303126",11.64,25.46,0,0
0,9,0,1,2015,1.3,27,"UT",32536800,"-109.57232667","38.581891667",14.46,14.59,0,0
0,6,0,0,2015,0.3,1,"VA",32521500,"-77.92489999999999","37.3649",18.67,275.08,0,0
0,7,0,0,2015,0,63,"VA",32526000,"-77.83284","38.52332",18.87,163.89,0,0
0,8,1,0,2015,0,24,"VA",32535000,"-77.35278","37.45722",18.9,55.58,0,0
0,8,1,0,2015,0.2,114,"VA",32535000,"-78.82298","37.7095",17.11,89.27,0,0
0,10,0,0,2015,0.05,108,"VA",32525100,"-79.25627","37.3422",7.76,111.12,0,0
0,8,1,0,2015,0,41,"VA",32541300,"-77.19844999999999","38.91058",18.5,27.34,0,0
0,8,1,0,2015,0,72,"VA",32531400,"-78.83544000000001","37.66122",17.29,76.44,0,0
0,7,0,0,2015,0,105,"VA",32528700,"-77.74043","38.68927",18.7,140.91,0,0
0,5,0,0,2015,0,46,"VA",32524200,"-75.5706","37.7819",15.21,79.95,0,0
0,9,0,1,2015,0,40,"VA",32533200,"-77.86248999999999","38.85717",14.49,125.199,0,0
0,7,0,0,2015,0.85,22,"VA",32526900,"-77.55909","38.86017",19.6,84.86,0,0
0,6,0,0,2015,0,3,"VA",32540400,"-77.9772","37.3503",18.79,269,0,0
0,11,0,0,2015,0,16,"WV",32532300,"-78.1427833333333","39.0336166666666",NA,NA,0,0
0,11,0,0,2015,0,7,"MD",32526900,"-78.0557166666666","39.2577",NA,NA,0,0
0,8,1,0,2015,0.05,50,"VT",32524200,"-72.333056","44.895767",14.15,75.48,0,0
0,7,0,0,2015,0.45,6,"VT",32533200,"-73.08292408050001","44.9482475296",15.31,147.11,0,0
0,7,0,0,2015,0.5,33,"VT",32538600,"-73.24810013539999","43.9497001053",15.46,63.85,0,0
0,7,0,0,2015,0,2,"VT",32540400,"-73.086848226","44.7368546751",15.32,126.98,0,0
0,8,1,0,2015,0.1,63,"VT",32535000,"-72.414711","44.8944234",13.3,105.99,0,0
0,7,0,0,2015,0.05,35,"VT",32527800,"-73.2944899017","43.964241804",15.59,65.09,0,0
0,7,0,0,2015,0,26,"VT",32536800,"-73.150093","44.336968",15.39,121.23,0,0
0,6,0,0,2015,1.3,82,"VT",32526900,"-72.89669499999999","44.918235",10.72,213.5,0,0
0,8,1,0,2015,0.2,14,"VT",32538600,"-72.688861","43.971914",12.92,91.96,0,0
0,7,0,0,2015,0,21,"VT",32544000,"-73.278147041","44.3262157911",16.29,101.71,0,0
0,6,0,0,2015,0.25,33,"VT",32528700,"-73.242064","44.369755",12.81,244.45,0,0
0,7,0,0,2015,0.45,11,"VT",32544000,"-72.9878302345","44.6681397266",15.06,136.78,0,0
0,8,1,0,2015,0.15,67,"VT",32535900,"-72.408081","44.859642",13.3,105.99,0,0
0,8,1,0,2015,0,42,"VT",32542200,"-72.65316900000001","43.980259",13,91.96,0,0
0,7,0,0,2015,0,76,"VT",32502600,"-73.2200169626","44.003549603",15.04,62.31,0,0
0,7,0,0,2015,0,3,"VT",32529600,"-73.2324236796","43.8672520704",15.25,62.5,0,0
0,7,0,0,2015,0.2,1,"VT",32541300,"-73.07552562399999","44.8799385367",15.46,147.21,0,0
0,7,0,0,2015,0,37,"VT",32539500,"-73.3390905561","44.1584230654",15.69,71.37,0,0
0,8,1,0,2015,0,46,"VT",32540400,"-72.86160270649999","44.9129827056",14.32,75.09,0,0
0,8,1,0,2015,0.1,19,"VT",32529600,"-72.429676","43.91275",12.03,80.5,0,0
0,8,1,0,2015,0.3,34,"VT",32534100,"-72.647235","43.931974",13.1,90.98,0,0
0,8,1,0,2015,0.15,98,"VT",32538600,"-72.653458","43.996396",12.86,87.69,0,0
0,8,1,0,2015,0,55,"VT",32526900,"-72.66094","43.96412",13,91.96,0,0
0,8,1,0,2015,0,61,"VT",32535000,"-72.783964","44.968004",13.77,76.18,0,0
0,6,0,0,2015,0.4,11,"WI",32535900,"-89.99951666666659","42.6618",13.39,108.98,0,0
0,6,0,0,2015,0.6,0,"WI",32530500,"-89.6001","42.8529833333333",13.21,141.05,0,0
900,8,1,0,2015,0,83,"WI",32523300,"-88.2089","42.91489",15.01,111.79,2.76724686609292e-05,0.222394646713748
0,9,0,1,2015,0.1,60,"FL",32535900,"-92.19858000000001","45.27593",12.72,201.97,0,0
0,6,0,0,2015,0,36,"WI",32533200,"-90.7646666666666","43.84425",12.61,109.42,0,0
0,6,0,0,2015,0.05,28,"WI",32528700,"-90.55216666666659","43.9177166666666",12.62,116.63,0,0
0,7,0,0,2015,0.1,5,"WI",32527800,"-89.67666666666661","42.971683",14.95,119.33,0,0
0,7,0,0,2015,2.25,17,"WI",32536800,"-88.3126833333333","42.9311833333333",14.23,70.09,0,0
0,9,0,1,2015,0,59,"WI",32530500,"-89.27096","45.58673",10.08,68.16,0,0
0,7,0,0,2015,0,3,"WI",32537700,"-89.6919333333333","42.61565",15.37,59.15,0,0
0,6,0,0,2015,0,0,"WI",32543100,"-90.5093833333333","44.0161516666666",12.02,118.78,0,0
0,8,1,0,2015,0,7,"WI",32531400,"-88.0997166666666","43.9063666666666",14.65,97.76,0,0
0,9,0,1,2015,0,272,"WI",32526000,"-92.01009000000001","45.4235",12.54,179.89,0,0
0,9,0,1,2015,0,488,"WI",32535000,"-86.89616","45.38081",13.57,73.57,0,0
0,9,0,1,2015,0,10,"WI",32535000,"-89.41503","43.07643",13.31,157.01,0,0
0,9,0,1,2015,0,33,"WI",32540400,"-89.09492","44.0782",12.8,120.85,0,0
0,10,0,0,2015,0.55,4,"WI",32535900,"-88.6266","43.04897",5.47,30.6,0,0
0,9,0,1,2015,0,306,"WI",32517900,"-89.73447","43.46758",13.16,101.46,0,0
0,10,0,0,2015,0.05,167,"WI",32527800,"-89.50418999999999","44.05691",3.67,67.54,0,0
0,9,0,1,2015,0,0,"WV",32534100,"-79.67853","39.10633",13.08,82.09,0,0
0,8,1,0,2015,0.25,4,"WV",32538600,"-78.0851","39.51117",15.66,62.89,0,0
0,7,0,0,2015,0,37,"WV",32522400,"-79.74785","39.42066",16.05,140.05,0,0
0,8,1,0,2015,0,197,"WV",32541300,"-80.72607000000001","39.68485",13.47,72.77,0,0
0,7,0,0,2015,0.05,18,"WV",32544000,"-82.46017000000001","38.36468",18.92,261.89,0,0
0,8,1,0,2015,0,29,"WV",32521500,"-81.27178000000001","38.75356",17.1,79.77,0,0
0,7,0,0,2015,0,94,"WV",32524200,"-80.16824","39.49772",17.94,110.57,0,0
0,8,1,0,2015,0,77,"WV",32529600,"-80.55448","38.77713",17.32,54.54,0,0
0,8,1,0,2015,0,32,"WV",32529600,"-79.91022","39.50229",14.48,42.54,0,0
0,8,1,0,2015,0,80,"WV",32532300,"-81.37679","39.12688",15.13,79.05,0,0
0,8,1,0,2015,0,50,"WV",32551200,"-80.37702","39.23166",15.17,44.06,0,0
0,8,1,0,2015,0,1,"WV",32537700,"-78.94598000000001","39.26262",13.35,68.36,0,0
0,9,0,1,2015,0,102,"WV",32522400,"-80.79345000000001","38.35085",12.22,137.88,0,0
0,8,1,0,2015,0.05,3,"WV",32530500,"-80.62116","40.12883",16.86,71.65,0,0
0,8,1,0,2015,0,59,"WV",32525100,"-80.68903","40.02546",17.22,44.9,0,0
0,7,0,0,2015,0,6,"WV",32532300,"-82.52283","38.2048",18.17,273.92,0,0
0,7,0,0,2015,0,0,"WV",32535000,"-80.4954166666666","37.6511166666666",16.68,147.11,0,0
0,7,0,0,2015,0.1,46,"WV",32526900,"-82.23428","37.82569",18.91,260.59,0,0
0,7,0,0,2015,0,27,"WV",32548500,"-81.1985830555555","37.4145163888888",17.72,163.17,0,0
0,7,0,0,2015,0,60,"WV",32534100,"-80.17831","38.88147",17.13,186.52,0,0
0,7,0,0,2015,0,6,"WV",32530500,"-80.88405","39.1996",17.01,92.97,0,0
0,7,0,0,2015,0,33,"WV",32529600,"-81.86304","38.39171",18.39,255.2,0,0
0,9,0,1,2015,0,58,"WV",32534100,"-80.99016","38.54895",13.7,114.41,0,0
