"sampleid","y","x"
"AL 01-2010","32.283233",-86.0895
"AL 02-2010","32.651683",-85.4244
"AL 03-2010","31.29228",-85.371948
"AL 04-2010","31.39516",-85.945648
"AL 05-2010","31.41665",-87.351196
"AL 06-2010","31.87013",-85.203407
"AL 07-2010","31.48335",-86.564011
"AL 08-2010","31.41473",-88.419899
"AL 09-2010","31.92823",-85.630333
"AL 10-2010","34.14598",-85.910912
"AL 11-2010","34.09936",-85.765831
"AL 12-2010","33.04105",-86.039207
"AL 13-2010","33.69945",-86.657028
"AL 14-2010","30.78827",-88.11396
"AL 15-2010","30.43005",-87.570511
"AL 16-2010","33.7634",-85.839081
"AL 17-2010","33.31113",-87.972847
"AL 18-2010","34.8503",-86.476929
"AL 19-2010","33.96715",-87.232002
"AL 20-2010","34.2696",-87.590477
"AL 21-2010","33.90933",-86.339478
"AL 22-2010","34.71331",-87.63813
"AL 23-2010","33.31211",-87.974327
"AL 24-2010","33.1548",-87.615059
"AL 25-2010","34.67778",-86.815971
"GA 01-2010","32.2223",-82.469704
"GA 02-2010","32.0629",-82.538063
"GA 03-2010","31.99956",-83.186249
"GA 04-2010","31.1829",-83.388947
"GA 05-2010","31.09815",-82.585854
"GA 06-2010","31.7114",-82.251999
"GA 07-2010","31.02835",-83.794716
"GA 08-2010","31.67735",-83.192635
"GA 09-2010","31.62882",-81.887032
"GA 10-2010","31.61458",-82.877632
"GA 11-2010","31.62451",-83.20826
"GA 12-2010","31.16805",-81.88076
"GA 13-2010","31.05595",-83.808731
"GA 14-2010","31.62816",-83.172081
"GA 15-2010","31.97943",-81.922218
"GA 16-2010","31.17191",-83.352898
"GA 17-2010","30.9309",-83.0093
"GA 18-2010","31.53282",-81.847153
"GA 19-2010","31.52762",-82.787003
"GA 20-2010","31.08717",-83.624016
"GA 21-2010","31.530183",-83.336433
"GA 22-2010","32.15735",-82.596489
"GA 23-2010","31.37841",-83.040779
"GA 24-2010","31.60183",-83.039017
"GA 25-2010","32.10039",-81.907761
"HI 02-2010","19.22827",-155.47913
"HI 03-2010","20.7767",-156.30251
"HI 05-2010","19.0491",-155.66714
"HI 06-2010","20.9313",-156.31766
"HI 17-2010","19.22827",-155.47913
"HI 26-2010","21.91507",-159.55983
"HI 27-2010","21.95074",-159.39267
"IN 01-2010","40.6667",-85.70829
"IN 02-2010","41.73347",-86.078491
"IN 03-2010","41.50554",-86.399368
"IN 04-2010","39.851072",-86.485489
"IN 05-2010","39.73449",-86.485527
"IN 06-2010","40.13366",-85.901451
"IN 07-2010","40.15025",-86.102661
"IN 08-2010","40.91855",-85.11702
"IN 09-2010","41.31911",-85.000282
"IN 10-2010","38.77812",-86.147568
"IN 11-2010","38.8555",-86.240997
"IN 12-2010","38.76725",-86.135643
"IN 13-2010","39.43168",-86.448471
"IN 14-2010","38.87843",-87.454102
"IN 15-2010","39.19751",-85.108231
"IN 16-2010","39.12079",-85.092117
"IN 17-2010","39.00126",-84.983299
"IN 18-2010","40.50356",-86.01136
"IN 19-2010","38.27037",-85.99968
"IN 20-2010","39.87177",-86.901237
"IN 21-2010","39.99708",-86.909248
"IN 22-2010","39.5274",-85.913803
"IN 23-2010","40.81419",-85.387657
"IN 24-2010","40.82185",-85.431732
"IN 25-2010","38.56681",-86.365707
"MI 01-2010","43.77293",-84.875313
"MI 02-2010","43.21553",-82.559227
"MI 03-2010","43.34306",-84.111076
"MI 04-2010","44.75337",-85.827057
"MI 05-2010","43.75713",-85.518494
"MI 06-2010","42.02016",-86.15583
"MI 07-2010","45.01343",-85.612968
"MI 08-2010","42.03024",-86.19429
"MI 09-2010","43.37463",-83.13485
"MI 10-2010","42.06993",-86.225166
"MI 11-2010","43.73913",-85.543404
"MI 12-2010","43.37767",-84.180206
"MI 13-2010","43.63423",-82.736313
"MI 14-2010","43.53637",-82.658852
"MI 15-2010","43.63423",-82.736313
"MI 16-2010","42.77483",-85.016609
"MI 17-2010","43.91748",-84.769768
"MI 18-2010","43.74179",-85.705276
"MI 19-2010","42.69989",-83.458397
"MI 20-2010","43.5952",-83.203873
"MI 21-2010","43.53673",-82.658577
"MI 22-2010","42.94535",-84.106247
"MI 23-2010","42.19323",-85.108421
"MI 24-2010","42.34114",-83.090599
"MI 25-2010","42.88073",-85.935593
"NY 01-2010","43.11515",-76.62973
"NY 02-2010","44.25456",-75.499779
"NY 03-2010","42.20966",-79.466103
"NY 04-2010","43.19371",-76.909264
"NY 05-2010","43.0337",-78.064903
"NY 06-2010","44.96345",-74.79435
"NY 07-2010","43.19262",-74.971489
"NY 08-2010","42.85345",-78.009903
"NY 09-2010","43.88263",-73.42173
"NY 10-2010","43.7638",-76.035797
"NY 11-2010","43.32566",-76.644623
"NY 12-2010","44.22556",-75.578949
"NY 13-2010","43.01024",-78.422623
"NY 14-2010","43.0775",-77.984398
"NY 15-2010","42.4536",-78.748703
"NY 16-2010","44.85939",-74.653091
"NY 17-2010","42.9498",-77.276642
"NY 18-2010","43.01677",-74.781372
"NY 19-2010","43.39608",-73.421173
"NY 20-2010","42.59812",-78.133698
"NY 21-2010","43.19946",-76.845703
"NY 22-2010","44.20674",-76.037933
"NY 23-2010","43.9113",-75.56356
"NY 24-2010","44.06015",-76.096123
"NY 25-2010","42.49636",-78.920036
"PA 01-2010","41.028",-76.789978
"PA 03-2010","41.66136",-76.796432
"PA 04-2010","40.48568",-76.899467
"PA 05-2010","40.25014",-76.76709
"PA 06-2010","39.98893",-75.823433
"PA 07-2010","40.91609",-77.708977
"PA 08-2010","40.82186",-77.85939
"PA 09-2010","40.57287",-76.793831
"PA 10-2010","39.7703",-77.767418
"PA 11-2010","40.31561",-76.893898
"PA 12-2010","40.61322",-76.20919
"PA 13-2010","39.84711",-76.734558
"PA 14-2010","40.26798",-76.700958
"PA 15-2010","40.20311",-77.328453
"PA 16-2010","40.78746",-78.025429
"PA 17-2010","40.09276",-75.226669
"PA 18-2010","40.29685",-75.160461
"PA 19-2010","41.31698",-77.090157
"PA 20-2010","40.17029",-79.777946
"PA 21-2010","41.76845",-80.43129
"PA 22-2010","41.34994",-80.208061
"PA 23-2010","40.66224",-80.194069
"PA 24-2010","40.25684",-77.285423
"PA 25-2010","39.94842",-78.485909
"SD 01-2010","44.48066",-101.81233
"SD 02-2010","43.92645",-101.14883
"SD 03-2010","45.52554",-99.991608
"SD 04-2010","45.53315",-100.18729
"SD 05-2010","43.7568",-100.02617
"SD 06-2010","44.34509",-98.38195
"SD 07-2010","44.30902",-98.513641
"SD 08-2010","44.81948",-99.455032
"SD 09-2010","44.69309",-97.95256
"SD 10-2010","42.90626",-96.711639
"SD 11-2010","44.3743",-98.310913
"SD 12-2010","44.83216",-98.518593
"SD 13-2010","43.28682",-98.839539
"SD 14-2010","43.12914",-98.382332
"SD 15-2010","44.67052",-97.638931
"SD 16-2010","44.9948",-97.131523
"SD 17-2010","45.3688",-98.49015
"SD 18-2010","43.69135",-98.300323
"SD 19-2010","43.7358",-97.074783
"SD 20-2010","43.53838",-98.128891
"SD 21-2010","44.20658",-97.326103
"SD 22-2010","45.03481",-102.10179
"SD 23-2010","44.61726",-103.34288
"SD 24-2010","44.46726",-103.72803
"SD 25-2010","44.05046",-103.165
"TN 01-2010","36.15571",-85.245148
"TN 02-2010","36.02806",-84.303429
"TN 03-2010","35.39076",-84.836479
"TN 04-2010","35.98001",-83.02153
"TN 05-2010","36.19121",-89.495132
"TN 06-2010","36.25601",-85.228508
"TN 07-2010","35.80022",-83.933411
"TN 09-2010","36.58665",-82.765053
"TN 11-2010","36.29298",-88.665581
"TN 12-2010","35.34426",-89.625053
"TN 13-2010","35.49336",-86.48185
"TN 15-2010","35.17841",-89.248657
"TN 16-2010","35.3711",-86.313164
"TN 19-2010","36.03215",-85.031013
"TN 22-2010","35.20495",-88.322159
"TN 25-2010","36.43773",-81.7565
"TX 01-2010","32.58349",-97.166687
"TX 02-2010","30.63318",-96.335732
"TX 03-2010","30.39227",-96.088509
"TX 04-2010","30.60344",-97.663139
"TX 05-2010","29.26674",-96.333481
"TX 06-2010","30.99471",-97.28476
"TX 07-2010","30.99123",-97.29258
"TX 08-2010","30.88042",-97.144562
"TX 09-2010","29.20011",-98.200172
"TX 10-2010","30.16929",-96.319252
"TX 11-2010","28.82385",-99.185226
"TX 12-2010","29.04791",-98.982635
"TX 13-2010","29.04463",-98.992233
"TX 14-2010","29.18991",-99.016968
"TX 15-2010","29.01439",-99.10746
"TX 16-2010","29.00707",-98.890099
"TX 17-2010","30.45404",-94.016899
"TX 18-2010","31.00134",-93.668709
"TX 19-2010","30.70161",-96.305794
"TX 20-2010","33.0397",-96.316902
"TX 21-2010","33.04304",-96.431908
"TX 22-2010","31.45957",-96.069344
"WA 10-2010","46.23739",-117.93884
"WA 12-2010","48.4766",-122.3348
"WA 14-2010","48.0074",-117.45854
"WA 16-2010","48.14331",-122.5913
"WA 18-2010","48.4619",-122.2837
"WA 22-2010","46.1999",-117.9521
"WA 23-2010","48.01595",-117.27606
"CA 01-2010","35.76648",-119.06294
"CA 02-2010","35.4435",-119.23446
"CA 03-2010","35.44553",-119.32699
"CA 04-2010","35.4709",-119.2787
"CA 05-2010","35.49694",-119.67207
"CA 06-2010","37.23707",-120.66132
"CA 07-2010","35.7762",-119.06276
"CA 08-2010","36.98159",-120.1768
"CA 09-2010","37.06883",-120.08379
"CA 10-2010","37.50797",-120.48808
"CA 11-2010","37.06883",-120.08379
"CA 12-2010","37.28055",-120.69711
"CA 13-2010","37.64713",-120.56444
"CA 14-2010","37.13934",-120.20311
"CA 15-2010","36.89171",-120.08318
"CA 16-2010","35.50223",-119.38575
"CA 17-2010","37.1332",-120.17912
"CA 18-2010","40.56416",-122.21152
"CA 19-2010","39.56533",-121.80064
"CA 20-2010","37.14037",-120.18867
"CA 21-2010","39.52116",-121.70826
"CA 22-2010","39.69599",-122.10655
"CA 23-2010","36.28363",-120.27678
"CA 24-2010","33.38833",-117.16586
"CA 25-2010","33.27094",-117.17416
"CA 26-2010","33.30788",-117.03767
"CA 27-2010","33.45082",-117.32439
"CA 28-2010","33.43496",-117.32588
"CA 29-2010","33.0835",-116.96011
"CA 30-2010","35.53791",-119.38524
"CA 31-2010","33.04041",-117.17612
"CA 32-2010","33.46996",-117.00385
"CA 33-2010","39.81816",-122.07281
"CA 34-2010","39.729",-122.20747
"CA 35-2010","39.09579",-121.63734
"CA 36-2010","39.80596",-122.0625
"CA 37-2010","39.79333",-122.1156
"CA 38-2010","40.4682",-122.21557
"CA 39-2010","40.61388",-122.23559
"CA 40-2010","40.61259",-122.22965
"CA 41-2010","39.00963",-121.34797
"CA 42-2010","38.99905",-122.08577
"CA 43-2010","39.52344",-122.15115
"CA 44-2010","38.88531",-121.1115
"CA 45-2010","39.64",-122.02254
"CA 46-2010","38.54234",-121.94009
"CA 47-2010","39.14919",-121.79093
"CA 48-2010","39.63951",-121.84387
"CA 49-2010","39.37039",-122.57466
"CA 50-2010","39.645",-122.02254
"FL 01-2010","30.765",-86.401001
"FL 02-2010","30.29331",-85.531532
"FL 03-2010","30.2126",-86.091904
"FL 04-2010","30.45065",-85.177231
"FL 05-2010","30.19545",-85.522247
"FL 06-2010","30.9415",-87.516487
"FL 07-2010","30.23037",-85.580406
"FL 08-2010","30.52193",-84.097519
"FL 09-2010","30.6196",-85.114861
"FL 10-2010","29.5392",-82.493179
"FL 11-2010","30.826",-86.419998
"FL 12-2010","29.73363",-82.275436
"FL 13-2010","29.57818",-82.667351
"FL 14-2010","27.6745",-82.228088
"FL 15-2010","28.2349",-82.690804
"FL 16-2010","27.85778",-81.697067
"FL 17-2010","28.04467",-82.773087
"FL 18-2010","30.03729",-82.26442
"FL 19-2010","29.63446",-82.358833
"FL 20-2010","27.05247",-80.515007
"FL 21-2010","27.07908",-80.577118
"FL 22-2010","27.06614",-80.37413
"FL 23-2010","29.04621",-80.360008
"FL 24-2010","27.68986",-82.322357
"FL 25-2010","26.81335",-80.289207
"HI 04-2010","21.908",-156.47
"HI 07-2010","19.47196",-154.88687
"HI 08-2010","19.638",-155.03999
"HI 09-2010","21.3081",-157.80099
"HI 10-2010","21.647",-158.049
"HI 11-2010","19.593",-154.959
"HI 14-2010","20.0583",-155.41901
"HI 15-2010","21.37173",-157.9061
"HI 16-2010","20.91688",-156.37801
"HI 18-2010","21.44827",-158.04105
"HI 21-2010","21.059",-156.909
"HI 23-2010","27.67907",-108.43672
"HI 24-2010","22.17931",-159.32077
"HI 25-2010","21.215",-156.746
"HI 30-2010","19.439",-155.269
"HI 31-2010","19.559",-155.02299
"HI 32-2010","19.589",-154.98801
"TN 08-2010","35.92472",-88.125267
"TN 10-2010","36.27956",-82.556381
"TN 14-2010","36.52966",-82.507027
"TN 17-2010","36.07053",-84.477501
"TN 18-2010","35.75363",-84.833458
"TN 20-2010","35.52228",-86.747383
"TN 21-2010","35.80465",-88.091377
"TN 23-2010","36.16838",-83.034409
"TN 24-2010","35.76165",-86.827263
"TX 23-2010","31.65767",-94.60379
"TX 24-2010","31.11653",-94.856697
"TX 25-2010","30.69476",-94.997787
"WA 01-2010","47.52165",-122.32841
"WA 02-2010","48.14314",-123.82738
"WA 03-2010","48.92653",-122.09487
"WA 04-2010","47.49462",-122.31475
"WA 05-2010","48.4766",-122.3348
"WA 06-2010","48.40775",-122.24343
"WA 07-2010","46.734",-120.604
"WA 08-2010","46.729",-117.14
"WA 09-2010","49.491",-120.502
"WA 11-2010","45.38426",-122.19985
"WA 13-2010","46.745",-120.659
"WA 15-2010","46.734",-120.604
"WA 17-2010","48.81162",-122.57426
"WA 19-2010","46.491",-120.504
"WA 20-2010","46.654",-120.508
"WA 21-2010","46.491",-120.502
"WA 24-2010","47.12253",-122.54143
"WA 25-2010","46.491",-120.502
"AL 01-2011","32.99916",-85.39444
"AL 02-2011","31.25888",-85.590271
"AL 03-2011","32.54861",-85.984718
"AL 04-2011","32.51694",-86.625267
"AL 05-2011","32.85416",-85.579437
"AL 06-2011","31.83805",-86.691666
"AL 07-2011","30.55944",-30.559444
"AL 08-2011","31.48352",-85.433434
"AL 09-2011","31.98356",-85.766815
"AL 10-2011","31.0335",-85.266838
"AL 11-2011","31.30007",-88.366913
"AL 12-2011","30.65007",-88.216835
"AL 13-2011","34.6001",-85.600258
"AL 14-2011","34.05015",-86.400063
"AL 15-2011","34.70013",-86.51667
"AL 16-2011","34.78351",-86.950027
"AL 17-2011","34.18344",-86.166931
"AL 18-2011","33.35",-88.233452
"AL 19-2011","34.85002",-85.600082
"AL 20-2011","33.41672",-87.000175
"AL 21-2011","33.60007",-86.433388
"AL 22-2011","34.76675",-87.366707
"AL 23-2011","33.23344",-86.233391
"AL 24-2011","33.90021",-86.033531
"AL 25-2011","32.46722",-86.152222
"AR 01-2011","34.28297",-91.312889
"AR 02-2011","34.49545",-92.994553
"AR 03-2011","33.429",-93.497551
"AR 04-2011","36.07433",-94.137253
"AR 05-2011","35.5492",-91.198341
"AR 06-2011","35.24253",-94.202522
"AR 07-2011","35.56186",-91.036858
"AR 08-2011","35.9053",-90.623306
"AR 09-2011","35.85154",-90.550072
"AR 10-2011","36.41778",-92.326721
"AR 11-2011","35.71911",-92.342987
"AR 12-2011","35.84447",-92.12439
"AR 13-2011","34.74717",-92.095306
"AR 14-2011","33.17369",-91.913254
"AR 15-2011","33.50273",-91.315224
"AR 16-2011","36.19649",-93.03833
"AR 17-2011","35.9053",-90.623306
"AR 18-2011","36.09459",-94.166359
"AR 19-2011","35.90655",-92.164169
"AR 20-2011","36.0452",-92.089287
"AR 21-2011","34.75017",-92.017471
"AR 22-2011","33.59736",-91.219643
"AR 23-2011","34.48003",-94.391998
"AR 24-2011","34.83556",-91.952942
"AR 25-2011","36.27244",-93.222214
"CA 01-2011","33.36161",-117.19898
"CA 03-2011","36.21076",-119.34863
"CA 04-2011","33.21212",-117.04894
"CA 06-2011","33.469",-117.00424
"CA 07-2011","33.51001",-117.06267
"CA 08-2011","33.94125",-117.87815
"CA 09-2011","33.18378",-117.19633
"CA 10-2011","33.43534",-117.32634
"CA 11-2011","34.23437",-117.41081
"CA 11B-2011","34.23437",-117.41081
"CA 12-2011","33.45082",-117.32439
"CO 01-2011","38.24388",-104.49387
"CO 02-2011","38.57055",-104.64187
"CO 03-2011","38.57055",-104.64187
"CO 04-2011","38.45101",-107.90951
"CO 05-2011","39.19652",-108.65395
"CO 06-2011","39.53131",-107.68156
"CO 07-2011","39.35919",-103.08096
"CO 08-2011","39.31251",-103.08134
"CO 09-2011","38.66435",-108.09741
"CO 11-2011","38.42244",-107.8726
"CO 12-2011","39.52642",-107.64054
"CO 13-2011","38.22364",-104.39984
"CO 14-2011","38.42917",-104.99685
"CO 16-2011","39.54836",-105.10177
"CO 17-2011","38.22002",-104.39741
"CO 18-2011","38.21448",-104.44427
"CO 19-2011","38.57055",-104.64187
"CO 20-2011","38.23878",-104.42275
"CO 22-2011","40.38362",-105.05092
"GA 01-2011","31.66684",-83.183479
"GA 02-2011","31.23786",-83.628082
"GA 03-2011","31.36668",-83.033447
"GA 04-2011","32.15095",-82.5634
"GA 05-2011","30.93472",-84.650681
"GA 06-2011","31.49",-84.246773
"GA 07-2011","30.91332",-84.53656
"GA 08-2011","31.49707",-82.343903
"GA 09-2011","32.24971",-81.918701
"GA 10-2011","31.98096",-82.356361
"GA 11-2011","31.49239",-82.295708
"GA 12-2011","32.03692",-82.412086
"GA 13-2011","31.99117",-82.668411
"GA 14-2011","31.17346",-82.124489
"GA 15-2011","31.15182",-82.048698
"GA 16-2011","32.15117",-82.02137
"GA 17-2011","31.47688",-82.159843
"GA 18-2011","32.31855",-82.689972
"GA 19-2011","31.57684",-81.969109
"GA 20-2011","31 80927",-82.508537
"GA 21-2011","31.53282",-81.84726
"GA 22-2011","31.01683",-83.483353
"GA 23-2011","31.10014",-82.616791
"GA 24-2011","31.7855",-82.565193
"GA 25-2011","31.45717",-82.240608
"HI 01-2011","20.79725",-156.94905
"HI 02-2011","20.88107",-156.89346
"HI 04-2011","22.10248",-159.37315
"HI 12-2011","21.50021",-157.06667
"HI 15-2011","21.54911",-58.096088
"HI 17-2011","19.61054",-155.94647
"HI 18-2011","19.17322",-155.86528
"HI 19-2011","21.91514",-159.51358
"HI 21-2011","19.68226",-155.37166
"HI 22-2011","21.18352",-156.98349
"HI 23-2011","21.05171",-156.87544
"HI 24-2011","21.96606",-159.39946
"IA 01-2011","43.46766",-116.49726
"IA 02-2011","43.5663",-116.77316
"IA 03-2011","43.65605",-116.81272
"IA 04-2011","42.63079",-114.76076
"IA 05-2011","44.54684",-14.184128
"IA 06-2011","42.67364",-14.762808
"IA 07-2011","46.43283",-14.929528
"IA 08-2011","43.89178",-16.513573
"IA 09-2011","48.76441",-16.372904
"IA 10-2011","45.15425",-14.829847
"IA 11-2011","43.3602",-114.22565
"ID 05-2011","42.45719",-87.954453
"ID 06-2011","41.69372",-87.609596
"ID 10-2011","38.13027",-89.48111
"ID 15-2011","39.03777",-38.941944
"ID 21-2011","40.15527",-91.098335
"ID 23-2011","41.31861",-89.164444
"IL 01-2011","41.45574",-86.467674
"IL 02-2011","41.59342",-86.39106
"IL 03-2011","39.86488",-86.489449
"IL 04-2011","40.40701",-87.08474
"IL 05-2011","39.566",-86.383102
"IL 06-2011","40.82143",-88.806252
"IL 07-2011","39.12031",-85.092323
"IL 08-2011","39.35797",-86.579025
"IL 09-2011","39.38313",-86.624321
"IL 10-2011","39.19741",-85.108482
"IL 11-2011","39.00124",-84.983208
"IL 12-2011","39.71447",-86.570717
"IL 13-2011","39.74056",-85.762711
"IL 14-2011","41.48484",-85.968262
"IL 15-2011","38.77381",-86.141197
"IL 16-2011","38.80382",-86.177139
"IL 17-2011","38.56681",-86.365707
"IL 18-2011","38.27037",-85.99968
"IL 19-2011","40.66198",-85.655571
"IL 20-2011","40.66415",-85.645981
"IL 21-2011","40.81419",-85.387657
"IL 22-2011","38.63576",-87.491287
"IL 23-2011","40.96874",-86.549011
"IL 24-2011","40.86623",-85.468788
"IL 25-2011","39.30736",-87.444992
"IN 01-2011","41.78357",-93.700119
"IN 02-2011","41.51784",-94.008423
"IN 03-2011","42.08352",-93.214912
"IN 04-2011","42.7619",-91.365067
"IN 05-2011","42.77732",-91.352707
"IN 06-2011","42.77639",-91.129898
"IN 07-2011","42.0071",-93.597809
"IN 08-2011","43.45822",-92.128418
"IN 09-2011","40.63288",-94.707603
"IN 10-2011","40.6401",-94.547157
"IN 11-2011","41.59058",-92.789627
"IN 12-2011","41.3733",-94.376053
"IN 13-2011","40.85173",-92.196808
"IN 14-2011","41.83121",-94.126663
"IN 15-2011","41.77545",-92.798218
"IN 16-2011","41.75226",-92.84758
"IN 17-2011","41.50031",-93.729729
"IN 18-2011","42.11129",-93.589668
"IN 19-2011","42.15957",-93.974838
"IN 20-2011","41.96497",-93.378166
"IN 21-2011","41.54088",-93.587959
"IN 22-2011","42.15005",-95.226799
"IN 23-2011","41.6188",-95.421066
"IN 24-2011","40.87117",-91.933449
"IN 25-2011","40.625",-91.598999
"LA 01-2011","32.57194",-91.826942
"LA 02-2011","32.53555",-92.296379
"LA 03-2011","30.51833",-91.096107
"LA 04-2011","30.75138",-91.085274
"LA 05-2011","30.64916",-90.071114
"LA 06-2011","30.56722",-92.288612
"LA 07-2011","30.48666",-91.857224
"LA 08-2011","31.01966",-91.369438
"LA 09-2011","30.85277",-91.663742
"LA 10-2011","30.28356",-91.18351
"LA 11-2011","31.03555",-91.916862
"LA 12-2011","30.95018",-92.166771
"LA 13-2011","30.13535",-92.292923
"LA 14-2011","30.21515",-92.493584
"LA 15-2011","30.21674",-92.150017
"LA 16-2011","29.73342",-90.666672
"LA 17-2011","29.73333",-90.633438
"LA 18-2011","30.23",-92.020508
"LA 19-2011","32.03791",-93.699142
"LA 20-2011","32.78265",-93.654549
"LA 21-2011","30.504",-90.748367
"MD 01-2011","39.33058",-77.194466
"MD 02-2011","39.5992",-77.782257
"MD 03-2011","39.6096",-77.698387
"MD 04-2011","39.55657",-77.754387
"MD 05-2011","39.52723",-77.787003
"MD 06-2011","39.30976",-79.482224
"MD 07-2011","39.67768",-78.496262
"MD 08-2011","39.5169",-77.413834
"MD 09-2011","39.41517",-77.473022
"MD 10-2011","39.2613",-76.427513
"MD 11-2011","39.64394",-76.382751
"MD 12-2011","39.22033",-77.220863
"MD 13-2011","39.22035",-77.220863
"MD 14-2011","39.22026",-77.225868
"MD 15-2011","39.4679",-76.336319
"MD 16-2011","39.44303",-6.3700261
"MD 17-2011","39.66811",-77.103554
"MD 18-2011","39.66398",-76.885269
"MD 19-2011","39.4679",-76.336319
"MI 01-2011","43.63433",-85.49337
"MI 02-2011","43.89116",-85.62722
"MI 03-2011","43.09246",-85.775558
"MI 04-2011","43.89116",-85.62722
"MI 05-2011","42.77326",-86.145279
"MI 06-2011","42.7603",-86.083061
"MI 07-2011","42.85733",-85.197144
"MI 08-2011","43.91402",-84.928131
"MI 09-2011","43.7126",-84.948303
"MI 10-2011","43.26103",-84.215027
"MI 11-2011","43.27151",-84.150291
"MI 12-2011","43.34442",-84.095741
"MI 13-2011","43.0474",-83.878036
"MI 14-2011","44.97155",-84.767143
"MI 15-2011","44.00709",-82.828629
"MI 16-2011","43.98348",-84.531776
"MI 17-2011","43.53672",-82.658203
"MI 18-2011","43.32434",-83.134071
"MI 19-2011","43.33071",-82.891167
"MI 20-2011","42.03102",-86.260353
"MI 21-2011","43.6537",-82.873848
"MI 22-2011","43.6144",-82.88932
"MI 23-2011","42.0699",-86.274078
"MI 24-2011","41.8866",-84.615273
"MI 25-2011","45.0312",-85.662453
"MT 01-2011","46.64425",-112.08478
"MT 02-2011","46.65297",-112.00895
"MT 03-2011","45.68122",-107.61195
"MT 04-2011","46.8764",-113.90942
"MT 05-2011","46.9654",-114.12062
"MT 06-2011","46.83921",-114.05573
"MT 07-2011","45.15989",-112.7121
"MT 08-2011","47.47162",-111.34245
"MT 09-2011","45.73549",-108.63317
"MT 10-2011","45.3269",-108.99927
"NC 01-2011","40.85089",-96.749123
"NC 02-2011","40.85089",-96.749123
"NC 03-2011","40.62148",-96.631485
"NC 04-2011","40.62148",-96.631485
"NC 05-2011","40.04555",-96.372498
"NC 06-2011","40.92555",-96.280014
"NC 07-2011","41.22611",-96.488335
"NC 08-2011","41.05722",-96.44738
"NC 09-2011","40.79195",-96.932251
"NC 10-2011","41.04055",-96.372498
"NC 11-2011","40.91111",-97.096947
"NC 12-2011","41.42334",-99.126205
"NC 13-2011","40.73778",-96.844467
"NC 14-2011","41.64265",-99.578194
"NC 15-2011","41.22611",-96.488335
"NC 16-2011","41.64265",-99.578102
"NC 17-2011","41.42334",-99.126205
"NC 18-2011","41.56001",-98.144508
"NC 19-2011","40.73778",-96.844467
"NC 20-2011","41.64265",-99.578194
"NC 21-2011","40.86222",-99.984169
"NC 22-2011","41.56001",-98.144508
"NC 23-2011","41.285",-98.568336
"NC 24-2011","40.91111",-97.096947
"NC 25-2011","41.61861",-99.866508
"ND 01-2011","43.10092",-75.09893
"ND 02-2011","42.50526",-74.599503
"ND 03-2011","42.88337",-75.449249
"ND 04-2011","44.72731",-75.297112
"ND 05-2011","43.89529",-75.620529
"ND 06-2011","44.12819",-75.719383
"ND 07-2011","43.1633",-76.101898
"ND 08-2011","44.0031",-75.811447
"ND 09-2011","42.4974",-76.607277
"ND 10-2011","43.23401",-76.662888
"ND 11-2011","43.18965",-76.920769
"ND 12-2011","42.7812",-77.236603
"ND 13-2011","43.2327",-76.805099
"ND 14-2011","42.99968",-77.978638
"ND 15-2011","43.00514",-78.04464
"ND 16-2011","42.88464",-77.49189
"ND 17-2011","43.0145",-78.415077
"ND 18-2011","42.4142",-77.197304
"ND 19-2011","42.39809",-79.405853
"ND 20-2011","42.36331",-78.930527
"ND 21-2011","42.94586",-78.450623
"ND 22-2011","43.00773",-78.135948
"ND 23-2011","43.95686",-73.451584
"ND 24-2011","43.0749",-75.275574
"ND 25-2011","42.56762",-75.497704
"NE 01-2011","32.1906",-106.4289
"NE 02-2011","31.95117",-106.081
"NE 03-2011","31.9679",-106.6606
"NE 04-2011","32.1263",-106.7233
"NE 05-2011","32.8898",-107.2962
"NE 06-2011","32.9447",-107.3035
"NE 07-2011","35.63354",-105.96686
"NE 08-2011","34.76635",-6.7176528
"NE 09-2011","36.51691",-105.58358
"NE 10-2011","34.74803",-106.71803
"NE 11-2011","34.88033",-106.69771
"NE 12-2011","35.07228",-106.6796
"NE 13-2011","36.12206",-105.78769
"NE 14-2011","34.8666",-6.6835651
"NE 15-2011","32.16",-106.48
"NE 16-2011","32.00043",-106.64952
"NE 17-2011","36.8835",-106.61689
"NE 18-2011","32.29569",-106.82088
"NE 19-2011","36.13402",-105.65685
"NE 21-2011","34.94002",-106.69038
"NE 22-2011","36.88334",-106.60001
"NE 23-2011","36.03832",-105.7836
"NE 24-2011","31.40022",-105.60007
"NE 25-2011","36.19843",-105.68523
"NH 01-2011","43.272",-71.488998
"NH 03-2011","43.119",-71.550003
"NH 06-2011","43.423",-71.245003
"NJ 01-2011","39.95649",-74.613075
"NJ 02-2011","39.25975",-74.254669
"NJ 03-2011","39.62841",-75.252083
"NJ 04-2011","39.36538",-74.853317
"NJ 05-2011","40.06703",-79.579933
"NJ 06-2011","40.87648",-74.340317
"NJ 07-2011","40.979",-74.871483
"NJ 08-2011","40.47051",-74.586731
"NJ 09-2011","40.068",-74.490044
"NJ 10-2011","41.14057",-74.702301
"NJ 11-2011","40.54202",-74.630692
"NJ 13-2011","40.31352",-74.078308
"NJ 14-2011","40.4834",-74.801903
"NJ 16-2011","41.19832",-74.691818
"NJ 17-2011","40.4333",-74.893303
"NJ 20-2011","40.75315",-74.138641
"NJ 21-2011","40.14381",-74.498016
"NJ 22-2011","39.68467",-75.197983
"NJ 23-2011","40.31352",-74.391258
"NJ 24-2011","40.5937",-74.946999
"NJ 25-2011","40.46127",-74.577042
"NM 01-2011","35.73716",-78.976402
"NM 02-2011","35.13229",-74.506561
"NM 03-2011","35.37159",-79.604507
"NM 04-2011","35.25259",-79.942238
"NM 05-2011","36.09676",-79.181313
"NM 06-2011","35.81193",-82.090828
"NY 01-2011","46.3598",-102.13628
"NY 02-2011","48.09498",-100.55151
"NY 03-2011","48.62471",-100.3864
"NY 04-2011","48.51418",-100.84016
"NY 05-2011","48.20908",-100.17198
"NY 06-2011","48.7758",-100.3223
"NY 07-2011","47.99945",-100.84132
"NY 08-2011","46.35748",-100.21587
"NY 09-2011","48.3705",-100.1813
"NY 10-2011","46.7934",-100.28619
"NY 11-2011","48.07753",-100.92752
"NY 12-2011","46.71333",-101.54951
"NY 13-2011","48.54391",-98.32415
"NY 14-2011","47.9552",-97.515404
"NY 15-2011","47.84056",-97.347397
"NY 16-2011","47.7369",-98.8675
"NY 17-2011","47.68636",-98.182503
"NY 18-2011","47.93416",-97.028336
"NY 19-2011","47.37472",-99.313614
"NY 20-2011","47.26611",-99.323051
"NY 21-2011","46.92388",-97.639442
"NY 22-2011","46.84833",-98.905273
"NY 23-2011","46.80861",-98.791656
"NY 24-2011","46.87555",-97.889442
"NY 25-2011","46.93944",-100.4625
"OH 01-2011","39.95521",-82.756569
"OH 02-2011","40.01864",-82.832352
"OH 03-2011","39.95521",-82.756569
"OH 04-2011","40.81693",-84.742111
"OH 05-2011","40.01864",-82.832352
"PA 01-2011","40.97866",-76.427063
"PA 02-2011","40.85184",-76.765968
"PA 03-2011","40.60751",-77.042458
"PA 04-2011","40.63052",-75.51709
"PA 05-2011","41.6144",-80.168251
"PA 06-2011","40.65658",-76.481628
"PA 07-2011","40.99938",-78.807899
"PA 08-2011","41.34399",-80.20784
"PA 09-2011","40.321 W",-79.551987
"PA 10-2011","40.66207",-80.193268
"PA 11-2011","39.80522",-79.56089
"PA 12-2011","41.64972",-75.166382
"PA 13-2011","40.04848",-77.189629
"PA 14-2011","41.98698",-75.806023
"PA 15-2011","41.53096",-75.282539
"PA 16-2011","39.81705",-76.623039
"PA 17-2011","40.3431",-75.236679
"PA 18-2011","40.25741",-77.127563
"PA 19-2011","40.549",-75.840759
"PA 20-2011","40.69804",-78.145699
"PA 21-2011","40.46218",-77.822319
"PA 22-2011","39.79848",-78.739471
"PA 23-2011","40.34626",-78.802208
"PA 24-2011","40.59877",-78.520187
"PA 25-2011","40.21957",-77.735771
"SC 22-2011","34.14252",-80.217812
"SD 01-2011","45.5254",-100.03304
"SD 02-2011","43.73505",-100.01605
"SD 03-2011","42.94266",-96.780922
"SD 04-2011","45.4099",-97.169991
"SD 05-2011","44.69499",-100.54326
"SD 06-2011","44.62224",-98.468323
"SD 07-2011","44.40282",-98.838676
"SD 08-2011","44.90048",-98.731789
"SD 09-2011","44.89316",-99.02356
"SD 10-2011","44.60162",-99.488876
"SD 11-2011","44.3743",-98.310913
"SD 12-2011","44.88047",-97.659386
"SD 13-2011","44.93888",-97.835297
"SD 14-2011","43.51022",-97.890091
"SD 15-2011","43.53042",-98.228195
"SD 16-2011","43.77667",-101.19525
"SD 17-2011","45.37377",-97.883621
"SD 18-2011","44.99488",-97.131523
"SD 19-2011","43.83067",-97.064545
"SD 20-2011","43.50348",-97.004837
"SD 21-2011","44.23492",-97.36615
"SD 22-2011","44.22149",-97.36615
"SD 23-2011","45.53284",-100.14621
"SD 24-2011","45.31723",-98.283813
"SD 25-2011","44.61555",-3.348542
"TN 01-2011","36.41223",-82.645378
"TN 02-2011","35.3725",-86.308022
"TN 04-2011","35.75923",-84.050781
"TN 05-2011","35.01615",-84.421249
"TN 06-2011","35.07123",-84.421249
"TN 07-2011","35.28567",-85.852341
"TN 09-2011","35.34575",-89.623466
"TN 11-2011","35.40211",-89.608704
"TN 16-2011","36.14506",-85.605881
"TN 19-2011","36.09135",-85.231018
"TN 22-2011","36.62451",-86.03801
"TN 25-2011","36.17413",-85.660912
"TX 01-2011","30.58177",-96.240288
"TX 02-2011","32.96678",-96.383438
"TX 03-2011","32.96678",-96.383438
"TX 04-2011","33.19422",-96.371101
"TX 05-2011","33.25141",-96.306541
"TX 06-2011","31.1441",-97.317223
"TX 07-2011","31.12797",-97.397255
"TX 08-2011","30.29323",-96.03125
"TX 09-2011","29.9956",-94.655472
"TX 10-2011","30.12449",-94.766579
"TX 11-2011","29.98452",-94.596512
"TX 12-2011","30.45533",-94.017929
"TX 13-2011","28.74173",-99.14286
"TX 14-2011","28.84151",-99.064468
"TX 15-2011","29.05635",-98.991539
"TX 16-2011","29.10097",-98.878601
"TX 17-2011","31.45971",-96.069489
"TX 18-2011","29.3313",-99.280487
"TX 19-2011","31.6069",-94.656174
"TX 20-2011","31.46527",-106.14656
"TX 21-2011","31.4758",-106.15519
"UT 01-2011","41.71071",-111.98669
"UT 02-2011","40.11367",-111.67912
"UT 03-2011","40.41338",-109.55607
"UT 04-2011","41.84065",-111.96269
"UT 05-2011","41.84138",-111.82135
"UT 06-2011","40.13383",-111.66981
"UT 07-2011","41.77114",-111.81154
"UT 08-2011","39.35263",-111.57537
"UT 09-2011","40.62285",-12.28492
"UT 10-2011","40.59355",-112.36851
"UT 11-2011","37.13353",-113.65954
"UT 12-2011","38.53017",-109.4877
"UT 13-2011","39.5059",-110.80217
"UT 14-2011","39.23514",-111.04791
"UT 15-2011","39.38546",-112.58927
"UT 16-2011","37.1073",-113.5006
"UT 17-2011","37.0949",-113.5311
"UT 18-2011","39.34244",-112.61353
"UT 19-2011","40.14708",-111.55752
"UT 20-2011","40.40222",-111.90758
"UT 21-2011","39.27591",-112.64609
"UT 22-2011","39.3065",-111.60705
"UT 23-2011","38. 5725",-109.54703
"UT 24-2011","38.58112",-109.56943
"UT 25-2011","37.08263",-113.49998
"VA 01-2011","36.90877",-76.198936
"VA 02-2011","38.79127",-77.134697
"VA 03-2011","38.24993",-77.141724
"VA 04-2011","37.72468",-77.669258
"VA 05-2011","37.56007",-77.238922
"VA 06-2011","37.22593",-77.438103
"VA 07-2011","37.08887",-79.988373
"VA 08-2011","36.97958",-81.139038
"VA 09-2011","37.22406",-80.462173
"VA 10-2011","37.06925",-80.763641
"VA 11-2011","37.26462",-76.454292
"VA 12-2011","35.07071",-76.436577
"VA 13-2011","37.91755",-75.523819
"VA 14-2011","37.19261",-77.278976
"VA 15-2011","39.8393",-77.724022
"VA 16-2011","38.45006",-77.93232
"WI 01-2011","39.57733",-77.852371
"WI 02-2011","39.30229",-77.949829
"WI 03-2011","39.0424",-79.715622
"WI 04-2011","39.42838",-78.602669
"WI 05-2011","39.32926",-78.925568
"WI 06-2011","39.13816",-78.542877
"WI 07-2011","39.32856",-80.175697
"WI 08-2011","39.90624",-80.730324
"WI 09-2011","39.35989",-80.380821
"WI 10-2011","39.19693",-79.855904
"WI 11-2011","38.92884",-80.782944
"WI 12-2011","39.71336",-80.768997
"WI 13-2011","37.31605",-81.220703
"WI 14-2011","38.29818",-80.662453
"WI 15-2011","37.66274",-80.471603
"WI 16-2011","38.35107",-80.793823
"WI 17-2011","38.15116",-80.833771
"WI 18-2011","37.68388",-81.123466
"WI 19-2011","38.93691",-82.099113
"WI 20-2011","39.17844",-81.574631
"WI 21-2011","38.17015",-81.945633
"WI 22-2011","38.13693",-82.510246
"WI 23-2011","38.47261",-81.126083
"WI 24-2011","39.54578",-78.074699
"WI 25-2011","38.62772",-80.699783
"WV 01-2011","43.12043",-88.260437
"WV 02-2011","42.93525",-88.326653
"WV 03-2011","42.662",-87.849792
"WV 04-2011","43.87993",-88.618881
"WV 05-2011","43.28064",-88.084869
"WV 06-2011","44.53171",-88.734131
"WV 07-2011","43.23879",-88.588989
"WV 08-2011","43.35799",-89.123001
"WV 09-2011","42.97119",-89.675949
"WV 10-2011","42.87778",-89.840462
"WV 11-2011","42.8991",-88.415253
"WV 12-2011","43.72384",-90.875397
"WV 13-2011","43.69071",-90.934807
"WV 14-2011","44.03798",-89.061035
"WV 15-2011","44.01343",-88.696419
"WV 16-2011","43.15235",-89.806129
"WV 17-2011","43.85384",-91.190521
"WV 18-2011","43.24251",-88.13044
"WV 19-2011","44.59489",-89.205048
"WV 20-2011","43.54581",-89.463043
"WV 21-2011","44.5027",-89.24617
"WV 22-2011","42.8755",-89.536377
"WV 23-2011","42.7262",-90.736267
"WV 24-2011","42.65517",-89.629211
"WV 25-2011","43.54551",-90.23468
"SD 15-2013","43.9955050539",-99.09165998
"CA 05-2011","39.63973",-121.8431
"CA 13-2011","37.71139",-120.82268
"CA 14-2011","37.13342",-120.1668
"CA 15-2011","37.13343",-120.20003
"CA 16-2011","37.15004",-120.26679
"CA 17-2011","38.05013",-120.86676
"CA 18-2011","37.06691",-120.36669
"CA 19-2011","37.55018",-120.83353
"CA 20-2011","37.66667",-120.80007
"CA 21-2011","37.64115",-120.75799
"CA 22-2011","37.81805",-120.92345
"CA 23-2011","37.06586",-120.32918
"CA 24-2011","37.13343",-120.20004
"CA 25-2011","37.13335",-120.16687
"CA 26-2011","37.66677",-120.80007
"CA 27-2011","37.6834",-120.76686
"CA 28-2011","38.05013",-120.86676
"CA 29-2011","37.58335",-120.91678
"CA 30-2011","37.13339",-120.2168
"CA 31-2011","37.60019",-120.75025
"CA 32-2011","37.06691",-120.36669
"CA 33-2011","40.50539",-122.27457
"CA 34-2011","39.68891",-122.14394
"CA 35-2011","39.84768",-121.29502
"CA 36-2011","40.56873",-122.13448
"CA 37-2011","38.91538",-121.9968
"CA 38-2011","39.78599",-121.92004
"CA 39-2011","39.76563",-122.08841
"CA 40-2011","39.62737",-122.01679
"CA 41-2011","39.67505",-122.07516
"CA 42-2011","40.613",-122.2299
"CA 43-2011","40.3035",-122.38844
"CA 44-2011","37.00767",-21.732023
"CA 45-2011","39.36919",-122.58981
"CA 46-2011","39.70716",-122.14162
"CA 47-2011","38.43748",-121.90591
"CA 48-2011","39.1724",-121.74883
"CA 49-2011","38.59151",-121.99332
"CA 50-2011","40.64698",-122.22488
"CO 10-2011","37.51521",-108.68785
"CO 15-2011","37.52807",-108.70141
"CO 21-2011","37.43496",-105.91198
"CO 23-2011","39.92",-104.78656
"CO 24-2011","37.42559",-105.94043
"CO 25-2011","37.42232",-105.98106
"DE 01-2011","38.68475",-75.64003
"DE 02-2011","38.62585",-75.675468
"DE 03-2011","38.87817",-75.496498
"DE 04-2011","38.96572",-75.415749
"DE 05-2011","38.97573",-75.588142
"DE 06-2011","38.80541",-75.532692
"DE 07-2011","38.50318",-75.50119
"DE 08-2011","38.66645",-75.57106
"DE 09-2011","39.25891",-75.559952
"DE 10-2011","38.92871",-75.529999
"DE 20-2011","39.11625",-75.537514
"DE 21-2011","39.11625",-75.537514
"DE 22-2011","39.11625",-75.537514
"DE 23-2011","39.11625",-75.537514
"DE 24-2011","39.11625",-75.537514
"DE 25-2011","39.11625",-75.537514
"FL 01-2011","28.45842",-82.349113
"FL 02-2011","28.53337",-82.30024
"FL 03-2011","28.36679",-82.250198
"FL 04-2011","27.98856",-82.250031
"FL 05-2011","27.95017",-82.233559
"FL 06-2011","28.05017",-81.600182
"FL 07-2011","29.81574",-84.837158
"FL 08-2011","28.4167",-82.250153
"FL 09-2011","30.61997",-85.115196
"FL 10-2011","30.15277",-85.246696
"FL 11-2011","30.15323",-81.615013
"FL 12-2011","28.41687",-82.250183
"FL 13-2011","28.40552",-82.319656
"FL 14-2011","30.34347",-84.948517
"FL 15-2011","30.35655",-84.964272
"FL 16-2011","30.75809",-87.193733
"FL 17-2011","30.115",-81.785667
"FL 18-2011","30.30335",-81.828918
"FL 19-2011","30.52247",-85.937103
"FL 20-2011","29.71057",-82.425323
"FL 21-2011","30.3177",-81.32254
"FL 22-2011","30.73108",-85.640038
"FL 23-2011","27.5501",-81.466713
"FL 24-2011","30.90111",-87.516869
"FL 25-2011","29.83681",-84.817032
"HI 03-2011","20.93322",-156.31667
"HI 05-2011","21.64806",-158.04836
"HI 06-2011","21.30802",-157.80202
"HI 07-2011","20.71224",-156.43597
"HI 08-2011","19.62221",-155.04176
"HI 09-2011","21.31676",-15684572
"HI 10-2011","20.64986",-156.09154
"HI 11-2011","19.6948",-155.0824
"HI 13-2011","19.47159",-154.88805
"HI 14-2011","19.13017",-155.75513
"HI 16-2011","21.91548",-159.55916
"HI 20-2011","21.89952",-159.4575
"HI 25-2011","19.70658",-155.07463
"IA 12-2011","43.4908",-16.524231
"IA 13-2011","46.43483",-116.99466
"IA 14-2011","48.17411",-116.65969
"IA 15-2011","43.54332",-16.531025
"IA 16-2011","46.39185",-116.83715
"IA 17-2011","47.80271",-116.9228
"IA 18-2011","46.43283",-14.929528
"IA 19-2011","46.14971",-115.89985
"IA 20-2011","43.56561",-116.80506
"IA 21-2011","43.96046",-16.833122
"IA 22-2011","47.79455",-116.83425
"IA 23-2011","48.81533",-16.712877
"IA 24-2011","48.7179",-16.357895
"IA 25-2011","46.20818",-16.080397
"ID 01-2011","42.72166",-90.063889
"ID 02-2011","42.44694",-90.490829
"ID 03-2011","42.46583",-89.430275
"ID 04-2011","42.11234",-89.293678
"ID 07-2011","42.82998",-90.139557
"ID 08-2011","38.86472",-88.939163
"ID 09-2011","38.39205",-90.11805
"ID 11-2011","38.58777",-87.649719
"ID 12-2011","37.78166",-88.840271
"ID 13-2011","38.45361",-88.931946
"ID 14-2011","38.38944",-89.559166
"ID 16-2011","40.01333",-89.471107
"ID 17-2011","39.75083",-89.443336
"ID 18-2011","40.79388",-89.779442
"ID 19-2011","40.91833",-90.51722
"ID 20-2011","40.62444",-89.274384
"ID 22-2011","40.45944",-90.1875
"ID 24-2011","40.95055",-88.158058
"ID 25-2011","40.19277",-88.434723
"LA 22-2011","32.53741",-92.007919
"LA 23-2011","30.74655",-92.055351
"LA 24-2011","30.20409",-93.1567
"LA 25-2011","30.04908",-93.113373
"MD 20-2011","38.38849",-75.674538
"MD 21-2011","38.35801",-75.660896
"MD 22-2011","38.57353",-75.792038
"MD 23-2011","38.48547",-75.824593
"MD 24-2011","39.11324",-76.823021
"MD 25-2011","39.43122",-76.278122
"MN 10-2011","44.33809",-93.912376
"MN 11-2011","44.07096",-92.821007
"MN 1-2011","46.16552",-95.12088
"MN 12-2011","44.47555",-93.259354
"MN 13-2011","46.32984",-94.157257
"MN 14-2011","45.20369",-93.086838
"MN 15-2011","43.91802",-92.575012
"MN 16-2011","45.09565",-96.048729
"MN 17-2011","44.19035",-92.497627
"MN 18-2011","45.72474",-93.986794
"MN 19-2011","45.75916",-94.516579
"MN 20-2011","46.19255",-94.646439
"MN 21-2011","46.60479",-94.389503
"MN 2-2011","45.94291",-95.871193
"MN 22-2011","45.71424",-93.253304
"MN 23-2011","45.32442",-95.389877
"MN 24-2011","46.26571",-95.608459
"MN 25-2011","45.97382",-95.886124
"MN 3-2011","45.09838",-95.165543
"MN 4-2011","46.13219",-95.33239
"MN 5-2011","44.82188",-92.801811
"MN 6-2011","45.09708",-92.91301
"MN 7-2011","45.23969",-93.369827
"MN 8-2011","45.73898",-93.022148
"MN 9-2011","44/58791",-92.913338
"MT 11-2011","47.17524",-114.9997
"MT 12-2011","47.16311",-114.06246
"MT 13-2011","47.52309",-9.341197
"MT 14-2011","47.83978",-110.77875
"MT 15-2011","48.25325",-112.28491
"MT 16-2011","45.91129",-106.3876
"MT 17-2011","45.34502",-106.15184
"MT 18-2011","45.95208",-111.71405
"MT 19-2011","48.40011",-114.28526
"MT 20-2011","48.38734",-114.357
"MT 21-2011","46.61901",-112.8061
"MT 22-2011","46.6226",-111.93161
"MT 23-2011","45.5025",-112.17382
"MT 24-2011","45.58628",-112.23259
"MT 25-2011","45.70663",-111.21071
"NH 02-2011","42.795",-71.458
"NH 04-2011","43.176",-71.098
"NH 05-2011","43.218",-71.614998
"NH 07-2011","43.12716",-0.049929999
"NH 08-2011","42.815",-71.459999
"NH 09-2011","42.87",-71.495003
"NH 10-2011","43.301",-71.469002
"NH 11-2011","43.582",-72.361
"NH 12-2011","43.535",-72.347
"NH 13-2011","42.831",-71.623001
"NH 14-2011","42.853",-71.699997
"NH 15-2011","42.875",-71.286003
"NH 16-2011","43.056",-71.314003
"NH 17-2011","43.031",-71.252998
"NH 18-2011","43.129",-70.927002
"NH 19-2011","43.603",-71.234001
"NH 20-2011","43.653",-71.149002
"NH 21-2011","43.119",-71.550003
"NH 22-2011","43.272",-71.488998
"NH 23-2011","43.636",-72.132004
"NH 24-2011","43.695",-71.657997
"NH 25-2011","43.745",-71.503998
"NJ 12-2011","39.76638",-74.731354
"NJ 15-2011","39.50597",-75.116524
"NJ 18-2011","40.58368",-75.044289
"NJ 19-2011","39.63065",-74.823959
"NM 07-2011","35.75388",-82.624443
"NM 08-2011","34.79151",-79.448822
"NM 09-2011","35.67777",-82.505272
"NM 10-2011","34.42232",-77.904716
"NM 11-2011","35.9131",-76.626999
"NM 12-2011","36.1187",-76.253677
"NM 13-2011","35.03444",-77.241379
"NM 14-2011","36.30196",-79.090172
"NM 15-2011","36.03472",-76.483612
"NM 16-2011","35.15888",-76.158882
"NM 17-2011","36.15777",-77.6325
"NM 18-2011","34.90525",-79.213837
"NM 19-2011","35.19792",-80.297539
"NM 20-2011","35.47983",-80.250923
"NM 21-2011","35.95944",-80.915001
"NM 22-2011","35.60222",-82.259048
"NM 23-2011","35.98166",-80.878052
"NM 24-2011","35.46666",-82.616943
"NM 25-2011","35.70388",-80.056381
"OH 06-2011","40.85327",-82.60807
"OH 07-2011","39.31737",-83.798317
"OH 08-2011","40.01088",-83.040627
"OH 09-2011","40.01088",-83.040649
"OH 10-2011","38.97197",-82.372871
"OH 11-2011","41.302",-81.580017
"OH 12-2011","41.07266",-83.748962
"OH 13-2011","40.62274",-81.622002
"OH 14-2011","39.31741",-83.798302
"OH 15-2011","40.31747",-81.026497
"OH 16-2011","39.31741",-83.798302
"OH 17-2011","41.05322",-82.028976
"OH 18-2011","40.3175",-81.026497
"OH 19-2011","39.4916",-83.280441
"OH 20-2011","40.77636",-81.912689
"OH 21-2011","40.66524",-82.097099
"OH 22-2011","40.62274",-81.622002
"OH 23-2011","40.66485",-82.096733
"OH 24-2011","39.2591",-82.04689
"OH 25-2011","30.91997",-83.093239
"SC 01-2011","35.09532",-81.128578
"SC 02-2011","34.92891",-82.63121
"SC 03-2011","34.12948",-79.663757
"SC 04-2011","34.55117",-82.059937
"SC 05-2011","33.59217",-79.405113
"SC 06-2011","33.69221",-79.268204
"SC 07-2011","34.64463",-79.170517
"SC 08-2011","33.41554",-81.484703
"SC 09-2011","33.67216",-79.531799
"SC 10-2011","33.14075",-81.074463
"SC 11-2011","34.02834",-78.796204
"SC 12-2011","34.98073",-80.960297
"SC 13-2011","33.55561",-80.093643
"SC 14-2011","34.5012",-81.941597
"SC 15-2011","32.6875",-80.733177
"SC 16-2011","33.88119",-79.443977
"SC 17-2011","34.21946",-79.120628
"SC 18-2011","34.10415",-79.238892
"SC 19-2011","33.51818",-81.745827
"SC 20-2011","33.06635",-81.039337
"SC 21-2011","33.91602",-79.180031
"SC 23-2011","34.75974",-80.356827
"SC 24-2011","34.82479",-82.773247
"SC 25-2011","33.84421",-79.217667
"TN 03-2011","35.75501",-84.050293
"TN 08-2011","36.13856",-86.64006
"TN 10-2011","35.038",-89.278679
"TN 12-2011","36.02371",-84.302177
"TN 13-2011","36.17207",-85.655121
"TN 14-2011","36.05414",-84.252831
"TN 15-2011","35.83598",-88.202721
"TN 17-2011","36.02582",-85.025208
"TN 18-2011","35.07416",-87.450851
"TN 20-2011","36.3054",-86.268822
"TN 21-2011","35.7708",-83.876549
"TN 23-2011","36.27457",-82.553612
"TN 24-2011","35.703",-86.540108
"TX 22-2011","31.58061",-94.137848
"TX 23-2011","31.82064",-94.208977
"TX 24-2011","31.9456",-94.244171
"TX 25-2011","29.68365",-94.934448
"VA 17-2011","37.25322",-78.273582
"VA 18-2011","37.50836",-78.352448
"VA 19-2011","37.10257",-78.414253
"VA 20-2011","37.17428",-79.75975
"VA 21-2011","37.13917",-79.840027
"VA 22-2011","37.21921",-80.381927
"VA 23-2011","37.2473",-80.385384
"VA 24-2011","36.78865",-80.668869
"VA 25-2011","38.13766",-78.511642
"AL 01-2012","31.64761",-85.646606
"AL 02-2012","34.3105",-85.71994
"AL 03-2012","33.67065",-86.878082
"AL 04-2012","33.91605",-87.736153
"AL 05-2012","33.51216",-85.566833
"AL 06-2012","31.15535",-85.346649
"AL 07-2012","32.345",-86.190002
"AL 08-2012","33.24379",-85.803322
"AL 09-2012","31.052",-85.25737
"AL 10-2012","32.62959",-86.005302
"AL 11-2012","34.73371",-86.588966
"AL 12-2012","34.80668",-87.826874
"AL 13-2012","31.88912",-85.956123
"AL 14-2012","32.71622",-86.154449
"AL 15-2012","32.19469",-86.586487
"AL 16-2012","32.67616",-85.369942
"AL 17-2012","31.32546",-85.389076
"AL 18-2012","31.25579",-86.23217
"AL 19-2012","32.76859",-85.483612
"AL 20-2012","30.84325",-88.132652
"AL 21-2012","30.55124",-87.690079
"AL 22-2012","33.43781",-86.703651
"AL 23-2012","33.98734",-85.873138
"AL 24-2012","33.24065",-87.112381
"AR 01-2012","36.42039",-92.375038
"AR 02-2012","34.78349",-91.400047
"AR 03-2012","34.21675",-91.800102
"AR 04-2012","34.38336",-91.387085
"AR 05-2012","35.33253",-94.409073
"AR 06-2012","34.05238",-93.757133
"AR 07-2012","35.94946",-90.349197
"AR 08-2012","5.03298",-91.476349
"AR 09-2012","35.3704",-91.137207
"AR 10-2012","34.92113",-92.002968
"AR 11-2012","35.73907",-90.204628
"AR 12-2012","35.75792",-90.300247
"AR 13-2012","35.14944",-90.326103
"AR 14-2012","35.98923",-94.334877
"AR 15-2012","34.93948",-91.561127
"AR 16-2012","35.60085",-91.241493
"AR 17-2012","36.02145",-94.207123
"AR 18-2012","33.62194",-91.183502
"AR 19-2012","34.66275",-92.12619
"AR 20-2012","34.66691",-92.012947
"AR 21-2012","34.99023",-92.521713
"AR 22-2012","33.47475",-91.245026
"AR 23-2012","36.20816",-93.016876
"AR 24-2012","34.91122",-92.501579
"CA 34-2012","33.08327",-116.96105
"CA 35-2012","33.47396",-117.0277
"CA 36-2012","33.44556",-116.85839
"CA 37-2012","33.31723",-117.02754
"CA 38-2012","33.66949",-116.30785
"CA 39-2012","33.3182",-117.04174
"CA 40-2012","33.18385",-117.19459
"CA 45-2012","33.20887",-117.1624
"CA 46-2012","33.23829",-117.17894
"CA 48-2012","33.505",-117.00365
"CO 04-2012","39.53135",-107.68156
"CO 05-2012","39.52632",-107.64048
"FL 01-2012","27.83419",-81.816803
"FL 02-2012","27.8662",-82.666908
"FL 04-2012","30.1969",-85.631706
"FL 05-2012","30.52827",-87.38826
"FL 06-2012","30.53269",-84.759857
"FL 07-2012","27.83341",-81.867996
"FL 08-2012","30.61694",-85.11512
"FL 09-2012","27.96667",-82.200188
"FL 10-2012","27.95008",-82.300034
"FL 11-2012","28.36678",-82.250198
"FL 12-2012","30.47209",-85.660767
"FL 13-2012","28.41671",-82.250168
"FL 14-2012","30.27352",-85.257431
"FL 16-2012","30.28338",-85.235619
"FL 22-2012","29.72165",-84.988739
"FL 23-2012","30.43219",-87.298218
"FL 24-2012","30.62677",-87.020287
"GA 01-2012","32.23386",-83.810966
"GA 02-2012","31.55252",-82.117737
"GA 03-2012","31.60161",-82.260307
"GA 04-2012","32.9407",-82.147293
"GA 05-2012","31.88294",-83.450058
"GA 06-2012","32.19953",-82.044113
"GA 07-2012","33.8595",-83.201752
"GA 08-2012","31.00175",-82.950142
"GA 09-2012","31.22702",-83.024429
"GA 10-2012","33.08591",-83.203171
"GA 12-2012","31.60015",-83.300217
"GA 13-2012","31.03952",-83.054497
"GA 14-2012","31.08382",-83.092682
"GA 15-2012","31.19666",-82.284653
"GA 16-2012","31.62987",-82.217178
"GA 17-2012","32.04935",-82.542168
"GA 18-2012","31. 1159",-82.253563
"GA 19-2012","31.45709",-82.240471
"GA 20-2012","31.72109",-82.527092
"GA 21-2012","31.35118",-83.224411
"GA 22-2012","31.19648",-83
"GA 23-2012","31.48987",-84.246986
"GA 24-2012","31.4472",-82.270142
"HI 01-2012","21.5745",-158.10728
"HI 02-2012","21.35148",-157.76611
"HI 03-2012","21.57508",-158.14578
"HI 04-2012","21.91567",-159.50168
"HI 05-2012","21.96606",-159.39946
"HI 06-2012","19.61054",-155.94647
"HI 07-2012","20.92506",-156.51169
"IA 01-2012","41.57615",-90.644028
"IA 02-2012","40.74171",-94.806221
"IA 03-2012","42.1144",-93.145538
"IA 04-2012","43.06367",-93.484978
"ID 01-2012","34.75646",-116.94435
"ID 02-2012","42.55163",-113.72478
"ID 04-2012","44.24363",-116.98314
"ID 05-2012","43.76968",-116.961
"ID 06-2012","42.50399",-114.83453
"ID 07-2012","43.55577",-116.1199
"ID 08-2012","42.5385",-114.84798
"ID 09-2012","42.5533",-113.8127
"ID 11-2012","42.5499",-113.93258
"ID 13-2012","42.52839",-113.82983
"IL 10-2012","35.15527",-89.795525
"IL 11-2012","38.27324",-90.154449
"IL 1-2012","38.75111",-89.535278
"IL 12-2012","38.67166",-89.946945
"IL 13-2012","42.32027",-88.492226
"IL 14-2012","42.42916",-88.005272
"IL 15-2012","41.65527",-87.836945
"IL 2-2012","39.75587",-91.205132
"IL 3-2012","37.97645",-89.102013
"IL 4-2012","40.58787",-89.285393
"IL 5-2012","37.43384",-89.414711
"IL 6-2012","39.03848",-89.94207
"IL 7-2012","40.07133",-89.210022
"IL 8-2012","41.28576",-89.491287
"IL 9-2012","41.39669",-90.368317
"IN 01-2012","38.93535",-84.908493
"IN 02-2012","38.56676",-86.365669
"IN 03-2012","39.24292",-85.205956
"IN 04-2012","39.19543",-85.103973
"IN 05-2012","39.20639",-84.861969
"IN 06-2012","39.00124",-84.983215
"IN 07-2012","40.58182",-85.87812
"IN 08-2012","39.56603",-86.387939
"IN 09-2012","38.87936",-87.453979
"IN 10-2012","39.86488",-86.489449
"IN 11-2012","39.38313",-86.624321
"IN 12-2012","39.74056",-85.762718
"IN 13-2012","38.70831",-85.554916
"IN 14-2012","38.59273",-87.561058
"IN 15-2012","39.27852",-87.464142
"IN 16-2012","40.66415",-85.645988
"IN 17-2012","41.59342",-86.39106
"LA 01-2012","30.13613",-92.303307
"LA 02-2012","30.93342",-91.716682
"LA 03-2012","30.30002",-91.216721
"LA 04-2012","31.00015",-91.91671
"LA 05-2012","31.0035",-92.060158
"LA 06-2012","30.9335",-92.000252
"LA 07-2012","30.53356",-89.883415
"LA 08-2012","29.70025",-89.983345
"LA 09-2012","30.42874",-90.1707
"LA 10-2012","31.56301",-91.438141
"LA 11-2012","30.13609",-92.303238
"MA 10-2012","41.8889",-0.76883298
"MA 11-2012","41.89767",-70.909927
"MA 1-2012","41.77947",-70.780579
"MA 12-2012","42.32385",-71.67054
"MA 13-2012","42.42613",-71.513046
"MA 14-2012","42.05462",-71.94696
"MA 15-2012","42.19735",-71.357437
"MA 16-2012","41.80848",-71.139839
"MA 17-2012","42.16906",-71.642448
"MA 18-2012","42.31519",-71.270302
"MA 19-2012","41.89154",-70.76368
"MA 20-2012","42.24151",-71.353409
"MA 21-2012","42.29604",-71.321678
"MA 2-2012","41.88847",-70.760941
"MA 22-2012","42.60579",-72.739372
"MA 23-2012","41.89001",-70.76059
"MA 24-2012","41.80848",-71.139839
"MA 3-2012","41.93283",-70.566139
"MA 4-2012","42.04835",-71.72982
"MA 5-2012","42.38378",-71.353889
"MA 6-2012","42.16093",-71.713112
"MA 7-2012","41.98723",-70.91008
"MA 8-2012","42.12229",-71.643631
"MA 9-2012","42.08506",-71.402672
"MD 01-2012","39.58322",-76.743088
"MD 02-2012","39.46447",-76.845551
"MD 03-2012","39.41573",-76.553467
"MD 04-2012","38.44388",-76.820358
"MD 05-2012","39.06739",-76.673447
"MD 06-2012","38.34763",-75.470108
"MD 07-2012","38.34732",-75.466957
"MD 08-2012","38.5676",-75.785767
"MD 09-2012","38.34775",-75.458252
"MD 10-2012","39.31352",-77.112267
"MD 11-2012","39.64489",-76.33873
"MD 12-2012","39.47168",-76.203537
"MI 01-2012","42.69994",-85.458321
"MI 02-2012","43.00225",-83.872902
"MI 03-2012","43.4058",-84.121788
"MI 04-2012","43.74193",-85.705162
"MI 05-2012","43.68275",-85.438301
"MI 06-2012","43.32332",-84.44339
"MI 07-2012","42.09182",-86.402428
"MI 08-2012","3.41637",-82.673698
"MI 09-2012","42.8108",-86.164886
"MI 10-2012","43.70248",-83.114807
"MI 11-2012","43.03625",-83.875183
"MI 12-2012","43.30413",-83.010567
"MI 13-2012","42.77476",-85.016273
"MI 14-2012","42.85737",-85.197502
"MI 15-2012","42.49323",-84.592888
"MI 16-2012","43.4278",-84.955429
"MI 17-2012","43.41929",-84.986938
"MI 18-2012","42.32169",-83.238708
"MI 19-2012","43.60859",-82.913254
"MI 20-2012","43.2967",-83.057419
"MI 21-2012","41.99003",-86.250427
"MI 22-2012","42.74142",-84.98568
"MI 23-2012","42.04713",-86.1996
"MI 24-2012","42.42883",-86.248413
"NC 01-2012","78.86919",-34.2267
"NC 02-2012","35.23866",-79.77755
"NC 17-2012","36.20071",-79.109467
"NC 21-2012","79.70453999999999",-35.58992
"NC 24-2012","35.81915",-79.667107
"ND 01-2012","46.52166",-101.25905
"ND 02-2012","48.41329",-100.03865
"ND 03-2012","48.4133",-100.03864
"ND 04-2012","47.30195",-101.95727
"ND 05-2012","46.61683",-97.616669
"ND 06-2012","46.88346",-98.416801
"ND 07-2012","48.39634",-99.874451
"ND 08-2012","48.41597",-102.99137
"ND 09-2012","48.30481",-98.874977
"ND 10-2012","48.3031",-99.397797
"ND 11-2012","48.62918",-100.38686
"ND 12-2012","48.5836",-75.249702
"ND 13-2012","48.71565",-100.36302
"ND 14-2012","47.93345",-97.333557
"ND 15-2012","48.43347",-98.166763
"ND 16-2012","46.65025",-97.416901
"ND 17-2012","97.50008",-97.500076
"ND 18-2012","48.41598",-102.99141
"ND 19-2012","46.55024",-99.600014
"ND 20-2012","46.8835",-98.050163
"ND 21-2012","48.3031",-99.397797
"ND 22-2012","100.9313",-47.81675
"ND 23-2012","47.81706",-100.93164
"ND 24-2012","47.68338",-98783504
"NJ 01 -2012","39.63125",-75.249702
"NJ 02-2012","40.46399",-74.57
"NJ 03-2012","40.91973",-74.384361
"NJ 04-2012","41.22861",-74.612312
"NJ 05-2012","40.85057",-74.205833
"NJ 06-2012","39.44416",-75.164757
"NJ 07-2012","39.39071",-74.81942
"NJ 08-2012","40.38199",-74.916138
"NJ 09-2012","39.65981",-74.816727
"NJ 10-2012","40.56441",-74.569443
"NJ 11-2012","38.99789",-74.891457
"NJ 12-2012","41.18595",-74.478577
"NJ 13-2012","39.50298",-74.602478
"NJ 14-2012","39.25941",-74.725761
"NJ 15-2012","40.48377",-74.862389
"NJ 16-2012","39.91605",-74.915863
"NJ 17-2012","40.67684",-74.620621
"NJ 18-2012","39.73638",-75.096542
"NJ 19-2012","40.01583",-74.217613
"NJ 20-2012","40.06786",-74.489357
"NJ 21-2012","39.49589",-74.863518
"NJ 22-2012","39.20327",-74.883217
"NJ 23-2012","40.31353",-74.080002
"NJ 24-2012","39.77205",-74.307968
"NY 01-2012","42.94159",-76.927147
"NY 02-2012","43.90358",-75.590767
"NY 03-2012","44.73312",-75.297997
"NY 04-2012","43.16812",-78.495987
"NY 05-2012","42.95059",-77.276947
"NY 06-2012","42.97702",-78.432899
"NY 07-2012","43.03243",-75.296326
"NY 08-2012","42.53421",-75.245857
"NY 09-2012","44.69474",-73.534691
"NY 10-2012","44.17786",-75.927681
"NY 11-2012","43.81762",-76.041275
"NY 12-2012","43.2702",-76.638962
"NY 13-2012","43.34958",-73.446785
"NY 14-2012","43.06688",-74.975983
"NY 15-2012","42.93149",-78.449272
"NY 16-2012","45.00098",-73.477959
"NY 17-2012","42.32523",-78.889908
"NY 18-2012","43.24628",-76.829491
"NY 19-2012","41.52927",-74.236954
"NY 22-2012","43.3776",-73.52919
"NY 23-2012","43.0796",-77.985519
"NY 24-2012","42.41579",-78.771721
"OH 01-2012","39.7944",-82.640991
"OH 02-2012","39.96982",-84.210938
"OH 07-2012","38.98133",-82.27327
"OK 01-2012","34.76671",-97.724869
"OK 02-2012","36.9408",-99.980087
"OK 05-2012","35.57016",-97.280457
"OK 15-2012","35.88131",-97.409195
"OK 17-2012","236.6378",-99.002167
"OK 21-2012","36.2398",-95.352226
"OK 24-2012","35.51411",-97.156693
"PA 01-2012","40.70171",-75.708076
"PA 03-2012","41.65395",-76.800461
"PA 08-2012","41.55345",-77.127357
"PA 11-2012","40.59259",-77.57869
"PA 14-2012","41.05728",-76.858849
"PA 15-2012","40.60093",-78.050217
"PA 18-2012","40.47558",-79.765099
"PA 19-2012","41.16286",-77.334976
"PA 20-2012","40.99683",-77.013733
"PA 22-2012","41.37435",-79.85273
"PA 24-2012","40.99928",-78.807747
"SD 01-2012","44.11586",-98.166428
"SD 02-2012","43.28102",-99.390877
"SD 03-2012","43.3015",-98.869118
"SD 04-2012","43.49711",-100.17085
"SD 05-2012","43.51022",-97.890083
"SD 06-2012","45.85789",-99.960258
"SD 07-2012","43.10751",-98.044212
"SD 08-2012","43.88831",-96.92379
"SD 09-2012","43.38944",-99.519279
"SD 10-2012","43.16706",-96.978279
"SD 11-2012","43.67644",-98.260483
"SD 12-2012","43.50348",-97.54583
"SD 13-2012","43.83878",-101.65652
"SD 14-2012","44.15673",-97.305618
"SD 15-2012","44.9446",-97.040031
"SD 16-2012","45.53284",-100.1462
"SD 17-2012","45.42418",-97.54583
"SD 18-2012","44.89309",-98.80233
"SD 19-2012","44.72038",-102.62913
"SD 20-2012","44.05019",-103.16555
"SD 21-2012","44.54418",-103.87336
"SD 22-2012","45.0382",-101.15651
"SD 23-2012","44.41894",-103.43501
"SD 24-2012","43.31814",-103.348
"TX 01-2012","33.54024",-101.6747
"TX 02-2012","34.10498",-98.570763
"TX 03-2012","29.78534",-95.315193
"TX 04-2012","30.81543",-96.801422
"TX 05-2012","31.01926",-97.224136
"TX 06-2012","31.1438",-97.317261
"TX 07-2012","31.14385",-97.317284
"TX 08-2012","33.12832",-96.337318
"TX 09-2012","33.25113",-96.305687
"TX 10-2012","33.70177",-95.899681
"UT 01-2012","38.5392",-109.54704
"UT 02-2012","41.77114",-111.81154
"UT 03-2012","41.84138",-111.82135
"UT 04-2012","41.9665",-111.97
"UT 05-2012","41.79247",-111.81008
"UT 06-2012","41.29174",-111.80028
"UT 07-2012","41.4017",-112.04583
"UT 08-2012","38.58673",-109.5652
"VA 02-2012","38.8216",-77.602303
"VA 05-2012","36.83475",-81.479233
"VA 06-2012","37.2237",-79.468201
"VA 09-2012","37.6587",-79.582497
"VA 10-2012","38.2493",-77.141701
"VA 12-2012","36.68",-78.654404
"VA 13-2012","35.70701",-76.4366
"VA 14-2012","37.02319",-81.850952
"VA 15-2012","38.0571",-78.999603
"VA 17-2012","37.2259",-77.438103
"VA 18-2012","36.94511",-81.002327
"VA 19-2012","36.8916",-76.176903
"VA 20-2012","37.2651",-78.337898
"VA 21-2012","37.0467",-78.821198
"VA 22-2012","37.09096",-79.788719
"VA 23-2012","37.5124",-77.844803
"WI 01-2012","42.76394",-88.43541
"WI 03-2012","43.75671",-87.714897
"WI 04-2012","44.49748",-88.192169
"WI 05-2012","43.63789",-87.753952
"WI 07-2012","43.25414",-88.069511
"WI 08-2012","42.89272",-89.589798
"WI 09-2012","43.29661",-88.854027
"WI 10-2012","43.15389",-89.807098
"WI 12-2012","43.11742",-89.592232
"WI 16-2012","42.8005",-89.131401
"WI 20-2012","43.33691",-90.385582
"WI 24-2012","43.29163",-87.96907
"WV 01-2012","38.77681",-80.554131
"WV 02-2012","40.34291",-80.536072
"WV 03-2012","38.95051",-81.547234
"WV 04-2012","39.27647",-78.628799
"WV 05-2012","38.47962",-82.027321
"WV 06-2012","38.36695",-82.479233
"WV 07-2012","37.33688",-81.201088
"WV 08-2012","37.82563",-82.233994
"WV 09-2012","37.79153",-81.174309
"WV 10-2012","38.21215",-82.440468
"WV 11-2012","37.85846",-80.858711
"WV 12-2012","38.19988",-80.851852
"WV 13-2012","38.74188",-79.346573
"WV 14-2012","39.21698",-79.897423
"WV 15-2012","38.96965",-79.501709
"WV 16-2012","39.38927",-77.889687
"WV 17-2012","39.14359",-79.593086
"WV 18-2012","39.1092",-80.407623
"WV 19-2012","38.66443",-79.364853
"WV 20-2012","39.06818",-78.580383
"WV 21-2012","37.65109",-80.495407
"WV 22-2012","38.17688",-80.68116
"WV 23-2012","39.11589",-80.874039
"WV 24-2012","39.51138",-79.997498
"CA 02-2012","37.13931",-120.20207
"CA 03-2012","39.62484",-121.83425
"CA 04-2012","36.33848",-19.229708
"CA 05-2012","37.22444",-120.19941
"CA 06-2012","37.09194",-120.0746
"CA 07-2012","37.14006",-120.17502
"CA 08-2012","37.70823",-120.79391
"CA 09-2012","37.07986",-120.4607
"CA 10-2012","40.55967",-122.23859
"CA 11-2012","37.10342",-120.34152
"CA 14-2012","32.79398",-115.19801
"CA 15-2012","37.11282",-120.32937
"CA 17-2012","36.72798",-120.60246
"CA 18-2012","32.82177",-115.53989
"CA 20-2012","32.81065",-115.18514
"CA 21-2012","37.11282",-120.32937
"CA 22-2012","32.91072",-115.53714
"CA 24-2012","32.90265",-115.56289
"CA 25-2012","33.29065",-116.9826
"CA 26-2012","40.3026",-122.38943
"CA 27-2012","39.62484",-121.83425
"CA 28-2012","39.79748",-122.13748
"CA 29-2012","40.25243",-122.44086
"CA 31-2012","39.663",-121.80556
"CA 41-2012","38.44654",-121.94013
"CA 43-2012","38.54121",-121.90322
"CA 47-2012","39.70852",-122.00368
"CO 02-2012","37.4696",-105.77973
"CO 10-2012","39.73011",-107.02377
"CO 11-2012","38.40588",-107.89505
"CO 15-2012","37.37131",-105.90155
"CO 16-2012","38.49369",-107.9249
"CO 18-2012","37.42487",-105.94207
"CO 21-2012","37.48475",-105.82048
"CO 23-2012","37.4151",-106.01139
"FL 15-2012","28.5836",-81.983521
"FL 17-2012","28.36676",-82.150253
"HI 08-2012","19.68228",-155.37192
"HI 09-2012","19.243",-155.10243
"HI 10-2012","20.79772",-156.94936
"HI 11-2012","20.6476",-156.09224
"HI 12-2012","20.68333",-156.44032
"HI 13-2012","19.54499",-155.10986
"HI 14-2012","21.18772",-156.97913
"HI 15-2012","21.1252",-157.07858
"HI 16-2012","21.05283",-156.87685
"HI 17-2012","19.26325",-154.54143
"HI 19-2012","19.68226",-155.37166
"HI 20-2012","9.3026",-154.55875
"HI 21-2012","21.91514",-159.51358
"HI 22-2012","22.1205",-159.21416
"HI 23-2012","19.25509",-155.12903
"HI 24-2012","19.66108",-155.01527
"IA 05-2012","41.03407",-95.713028
"IA 06-2012","41.81757",-93.366318
"IA 07-2012","40.76802",-95.4347
"IA 08-2012","41.06594",-95.765442
"IA 09-2012","42.37355",-92.76712
"IA 10-2012","34.1099",-117.8263
"IA 11-2012","40.76802",-95.4347
"IA 12-2012","41.96659",-92.318703
"IA 13-2012","40.98543",-91.682091
"IA 14-2012","42.95805",-91.611839
"IA 15-2012","41.22813",-92.688553
"IA 16-2012","41.4925",-93.713097
"IA 17-2012","41.43835",-93.511017
"IA 18-2012","41.29869",-93.08577
"IA 19-2012","41.23117",-92.629211
"IA 20-2012","41.82618",-91.833443
"IA 21-2012","41.50027",-93.729729
"IA 22-2012","41.5443",-93.824013
"IA 23-2012","41.59919",-92.790993
"IA 24-2012","41.51786",-94.008408
"IL 16-2012","42.31722",-90.223053
"IL 17-2012","42.06166",-89.989441
"IL 18-2012","40.79416",-89.779999
"IL 19-2012","40.93555",-87.864441
"IL 20-2012","39.87722",-88.955833
"IL 21-2012","39.87722",-88.86277
"IL 22-2012","40.21055",-89.92305
"IL 23-2012","1.88081",-88.557404
"IL 24-2012","38.87231",-88.330711
"IN 18-2012","40.44274",-86.948929
"IN 19-2012","40.4046",-86.928268
"IN 20-2012","38.81403",-86.17746
"IN 21-2012","38.81412",-86.173798
"IN 22-2012","38.84332",-86.225945
"IN 23-2012","39.50153",-86.125137
"IN 24-2012","39.75824",-85.911453
"LA 12-2012","32.45014",-93.600021
"LA 13-2012","32.45003",-93.616798
"LA 14-2012","32.43341",-93.600212
"LA 15-2012","29.97744",-90.385574
"LA 16-2012","30.48544",-91.084137
"LA 17-2012","32.31448",-92.127426
"LA 18-2012","30.38126",-90.899315
"MD 13-2012","38.08853",-76.815132
"MD 14-2012","38.40117",-76.827263
"MD 15-2012","38.36908",-76.634903
"MD 16-2012","39.3773",-76.42392
"MD 17-2012","39.21899",-76.717728
"MD 18-2012","39.1629",-76.94384
"MD 19-2012","39.15651",-76.856087
"MD 20-2012","39.44388",-76.383179
"MD 21-2012","39.37057",-76.3657
"MD 22-2012","39.70994",-76.666733
"MD 23-2012","39.20835",-76.159912
"MD 24-2012","39.68912",-75.90551
"MN 10-2012","45.23889",-93.369919
"MN 11-2012","44.19032",-92.497765
"MN 1-2012","44.93796",-94.478798
"MN 12-2012","45.59372",-93.308998
"MN 13-2012","47.76061",-96.266449
"MN 14-2012","45.89615",-94.135818
"MN 15-2012","45.71422",-94.292938
"MN 16-2012","46.60478",-94.389503
"MN 17-2012","46.05616",-94.604622
"MN 18-2012","47.50076",-96.273521
"MN 19-2012","48.17647",-96.183029
"MN 20-2012","44.00753",-94.749229
"MN 21-2012","46.26541",-95.606888
"MN 2-2012","44.41464",-93.1987
"MN 22-2012","48.11882",-96.218918
"MN 23-2012","45.30962",-94.668381
"MN 24-2012","48.84086",-95.875603
"MN 3-2012","44.43004",-93.957481
"MN 4-2012","48.07359",-96.157806
"MN 5-2012","43.91798",-92.575089
"MN 6-2012","47.49263",-96.194939
"MN 7-2012","43.77976",-92.252563
"MN 8-2012","45.98561",-92.740593
"MN 9-2012","47.74293",-94.55043
"NC 07-2012","5.55374",-76.384262
"OK 03-2012","36.21098",-96.119057
"OK 04-2012","34.68881",-96.05098
"OK 06-2012","36.01364",-95.96933
"OK 07-2012","33.97561",-94.818871
"OK 08-2012","34.05284",-94.769386
"OK 09-2012","36.13994",-96.891258
"OK 10-2012","33.96156",-95.116325
"OK 11-2012","35.93092",-95.672173
"OK 12-2012","35.5752",-98.113197
"OK 13-2012","34.61931",-98.54023
"OK 14-2012","34.00114",-95.2584
"OK 16-2012","34.35847",-98.393936
"OK 18-2012","35.16082",-97.527473
"OK 19-2012","34.4788",-99.19384
"OK 20-2012","36.35105",-95.491714
"OK 22-2012","36.26344",-96.478668
"OK 23-2012","35.99745",-96.062927
"PA 02-2012","41.31692",-76.027016
"PA 04-2012","40.5525",-79.534851
"PA 05-2012","40.59877",-78.520187
"PA 06-2012","40.96593",-76.568848
"PA 07-2012","40.50961",-78.819237
"PA 09-2012","40.19034",-79.768944
"PA 10-2012","40.55831",-75.819283
"PA 12-2012","40.09348",-76.846809
"PA 13-2012","40.05033",-77.19648
"PA 16-2012","40.07957",-78.503342
"PA 17-2012","41.33371",-77.042801
"PA 21-2012","40.28095",-75.417923
"PA 23-2012","40.03056",-76.617104
"TN 01-2012","35.58094",-84.261353
"TN 02-2012","36.4169",-86.305527
"TN 03-2012","35.32756",-84.483864
"TN 04-2012","35.21133",-89.936394
"TN 05-2012","36.27886",-84.146904
"TN 06-2012","36.61432",-85.112228
"TN 07-2012","35.26872",-89.423912
"TN 08-2012","35.34448",-89.625084
"TN 09-2012","35.39098",-84.836311
"TN 10-2012","35.01402",-89.623596
"TN 11-2012","36.12061",-86.638573
"TN 12-2012","35.66655",-84.138969
"TN 13-2012","35.98071",-86.856956
"TN 14-2012","36.29357",-88.664787
"TN 15-2012","36.03194",-85.030891
"TN 16-2012","35.92472",-88.128792
"TN 17-2012","35.79445",-88.089607
"TN 18-2012","35.65972",-84.864227
"TN 19-2012","36.42571",-82.25872
"TN 20-2012","36.06083",-83.363663
"TN 21-2012","36.05647",-84.254799
"TN 22-2012","35.7649",-84.082565
"TN 23-2012","36.44695",-86.299759
"TN 24-2012","35.81891",-85.415543
"TX 11-2012","30.29196",-96.03064
"TX 12-2012","30.30002",-94.283363
"TX 13-2012","28.60682",-98.786713
"TX 14-2012","29.50808",-95.250671
"TX 15-2012","9.048140999999999",-98.98259
"TX 16-2012","29.19223",-99.016922
"TX 17-2012","31.41859",-94.161697
"TX 18-2012","32.15574",-94.339813
"TX 19-2012","29.19982",-95.397575
"TX 20-2012","29.18225",-95.434891
"TX 21-2012","30.49217",-95.079903
"TX 22-2012","31.80989",-106.40579
"TX 23-2012","31.47595",-106.15517
"TX 24-2012","30.026",-94.581154
"UT 09-2012","37.7613",-111.61337
"UT 10-2012","40.08375",-111.73157
"UT 11-2012","40. 0856",-111.69796
"UT 12-2012","40.43584",-111.91189
"UT 13-2012","40.4656",-111.7629
"UT 14-2012","40.75974",-111.85804
"UT 15-2012","40.75985",-111.85775
"UT 16-2012","40.59358",-112.36851
"UT 17-2012","40.11955",-111.60907
"UT 18-2012","39.50617",-112.37188
"UT 19-2012","39.25731",-112.65271
"UT 20-2012","39.38223",-112.59358
"UT 21-2012","39.3856",-112.60658
"UT 22-2012","37.10289",-113.50974
"UT 23-2012","37.24503",-113.28862
"UT 24-2012","37.28725",-109.56663
"WI 02-2012","42.89799",-88.397003
"WI 11-2012","42.96023",-88.161392
"WI 13-2012","43.30217",-90.728027
"WI 15-2012","43.47952",-89.789009
"WI 17-2012","42.66141",-87.849716
"WI 18-2012","42.50203",-89.164421
"WI 21-2012","42.92604",-88.327087
"AL 05-2013","32.66288",-85.44954
"AL 10-2013","34.48435",-87.85691
"AL 14-2013","32.38782",-86.23316
"AL 15-2013","34.86659",-86.53727
"AL 16-2013","34.74507",-87.04082
"AL 17-2013","34.02777",-85.87134
"AL 18-2013","33.39851",-86.68517
"AL 19-2013","34.66034",-86.07933
"AL 21-2013","34.67637",-86.81825
"AL 22-2013","32.4703",-85.05973
"AL 23-2013","32.29991",-86.19867
"AL 24-2013","34.30247",-86.75352
"AR 01-2013","36.31834",-92.08904
"AR 02-2013","34.17138",-93.02434
"AR 03-2013","35.33157",-93.16449
"AR 04-2013","35.0394",-91.52544
"AR 05-2013","34.42409",-93.23299
"AR 06-2013","34.74686",-92.09505
"AR 07-2013","33.6054",-91.25772
"AR 08-2013","34.91266",-92.53183
"AR 09-2013","34.50378",-93.17498
"AR 10-2013","35.22006",-90.29179
"AR 11-2013","35.98919",-94.3348
"AR 12-2013","36.10287",-90.34586
"AR 13-2013","35.72753",-90.46262
"AR 14-2013","35.33865",-91.40078
"AR 15-2013","34.03226",-94.38273
"AR 16-2013","34.09581",-93.06423
"AR 17-2013","36.45833",-93.07666
"AR 18-2013","36.49774",-93.70644
"AR 19-2013","35.335001",-94.32058
"AR 20-2013","34.844099",-92.17388
"AR 21-2013","35.48857",-91.34102
"AR 22-2013","35.12193",-93.0319
"AR 23-2013","35.49342",-94.37421
"AR 24-2013","34.30891",-91.95829
"CA 01-2013","33.2129",-117.228279
"CA 02-2013","33.1148618",-117.13591093
"CA 03-2013","38.600016",-121.300258
"CA 04-2013","33.04036678",-117.17622316
"CA 05-2013","33.163558",-117.06758
"CA 06-2013","33.08327",-116.96105
"CA 07-2013","33.31877",-117.01756
"CA 08-2013","33.20887",-117.1624
"CA 09-2013","33.55092703",-116.83327198
"CA 10-2013","33.484592",-116.37797799
"FL 01-2013","30.43219",-87.29822
"FL 02-2013","30.48035",-86.14651
"FL 03-2013","30.913375",-85.542109
"FL 04-2013","30.60637",-86.92058
"FL 05-2013","30.31493",-85.51585
"FL 06-2013","30.73902",-85.34327
"FL 07-2013","30.43438",-85.08697
"FL 08-2013","30.36433",-84.052689
"FL 09-2013","29.625008",-83.119035
"FL 10-2013","29.938953",-82.4444999
"FL 11-2013","29.2069158",-82.3035806
"FL 12-2013","29.712645",-82.907717
"FL 13-2013","28.516802",-82.050059
"FL 14-2013","28.950085",-82.300058
"FL 15-2013","28.016712",-82.633441
"FL 16-2013","27.866931",-82.666917
"FL 17-2013","28.300195",-81.400062
"FL 18-2013","28.450188",-81.966787
"GA 02-2013","31.57277",-82.02293
"GA 03-2013","31.009",-83.4179
"GA 04-2013","31.62994",-82.21712
"GA 05-2013","32.1892",-83.86186
"GA 06-2013","31.016",-83.4328
"GA 07-2013","31.68489",-82.50017
"GA 08-2013","31.65123",-82.2128
"GA 09-2013","30.5122",-83.0011
"GA 10-2013","32.03696",-82.4121
"GA 11-2013","31.1097",-83.2334
"GA 12-2013","30.556",-83.2975
"GA 13-2013","32.3213",-81.95068
"GA 14-2013","31.8055",-82.6414
"GA 15-2013","31.053",-83.0697
"GA 16-2013","31.45685",-82.24045
"GA 17-2013","32.40414",-81.95409
"GA 18-2013","32.23385",-83.81083
"GA 19-2013","31.65947",-82.01546
"GA 20-2013","31.0395",-83.0544
"GA 21-2013","30.4938",-83.3804
"GA 22-2013","32.24254",-81.99093
"GA 23-2013","31.3195",-83.1995
"GA 24-2013","31.52678",-82.20491
"IA 06-2013","42.416751",-91.300138
"IA 07-2013","42.858055",-90.083055
"IA 08-2013","42.8525",-91.668333
"IA 09-2013","43.250226",-91.283601
"IA 11-2013","42.114417",-93.145523
"IA 12-2013","43.07252",-93.43963
"IL 01-2013","42.40525",-90.29018
"IL 02-2013","42.34385",-88.84646
"IL 03-2013","42.40667",-88.10324
"IL 04-2013","41.69357",-87.60851
"IL 05-2013","41.98081",-90.12373
"IL 06-2013","41.3192",-89.1643
"IL 07-2013","40.30715",-89.33859
"IL 08-2013","41.62455",-88.47902
"IL 09-2013","41.1401",-87.826
"IL 10-2013","39.58138",-88.52295
"IL 11-2013","40.952",-88.1581
"IL 12-2013","39.2924",-87.57036
"IL 13-2013","39.44964",-88.6613
"IL 14-2013","39.84222",-89.40522
"IL 15-2013","39.58606",-89.646172
"IL 16-2013","39.92396",-89.824289
"IL 17-2013","38.986797",-90.241775
"IL 18-2013","38.671195",-89.790346
"IL 19-2013","37.78216",-88.85068
"IL 20-2013","37.96001",-89.57472
"IL 21-2013","40.17335",-91.23232
"IL 22-2013","37.97194",-89.83974
"IL 23-2013","38.629826",-88.602905
"IL 24-2013","39.017048",-87.708237
"IN 01-2013","39.865898",-86.426526
"IN 02-2013","41.45822",-85.966008
"IN 03-2013","40.75294",-85.76806
"IN 04-2013","39.002559",-84.9852153
"IN 05-2013","38.978487",-85.014435
"IN 06-2013","39.1957992",-85.1025825
"IN 07-2013","39.2458398",-85.2956456
"IN 08-2013","38.566809",-86.365123
"IN 09-2013","40.7441145",-86.1812176
"IN 10-2013","40.666699",-85.708297
"IN 12-2013","41.5919986",-86.39174
"IN 13-2013","38.630109",-85.443757
"IN 14-2013","39.30617",-87.443893
"IN 15-2013","39.549562",-86.312477
"IN 16-2013","39.7540098",-86.4865368
"IN 17-2013","38.2657",-85.957563
"IN 18-2013","39.671973",-87.359309
"IN 19-2013","39.475296",-86.547928
"IN 20-2013","39.475296",-86.547928
"IN 21-2013","39.741072",-85.7638795
"IN 22-2013","38.7747953",-86.1376314
"IN 23-2013","38.7747953",-86.1376314
"IN 24-2013","38.7747953",-86.1376314
"MD 01-2013","39.16912",-77.38361
"MD 02-2013","38.99459",-77.02149
"MD 03-2013","39.65795",-76.54384
"MD 04-2013","39.42415",-76.69736
"MD 05-2013","38.7276",-76.08148
"MI 01-2013","44.86481",-85.88716
"MI 02-2013","42.77476",-85.01627
"MI 03-2013","43.57518",-83.15364
"MI 04-2013","43.70243",-83.11745
"MI 05-2013","43.51673",-82.67385
"MI 06-2013","43.34296",-84.15137
"MI 07-2013","43.53667",-82.6598
"MI 08-2013","42.80476",-83.84864
"MI 09-2013","42.32183",-83.23894
"MI 10-2013","42.49847",-83.45863
"MI 11-2013","42.40085",-84.26814
"MI 12-2013","42.070067",-86.225166
"MI 13-2013","42.097872",-86.356659
"MI 14-2013","42.74142",-84.98568
"MI 15-2013","43.23832",-82.75871
"MI 16-2013","43.64672",-83.08374
"MI 17-2013","44.69997",-83.4584
"MI 18-2013","41.96568",-86.24718
"MI 19-2013","43.34529",-84.96578
"MI 20-2013","42.8576",-85.19697
"MI 21-2013","43.20468",-82.79136
"MI 22-2013","43.27097",-84.15018
"MI 23-2013","43.18089",-83.97559
"MI 24-2013","41.9784",-86.31859
"MN 01-2013","45.59344",-93.57288
"MN 03-2013","46.545278",-93.757778
"MN 04-2013","46.13217",-95.33231
"MN 08-2013","45.98787",-95.39362
"MN 09-2013","44.025708",-92.410197
"MN 11-2013","44.758558",-93.4505
"MN 12-2013","46.60461",-94.38956
"MN 16-2013","43.815",-91.521111
"MN 19-2013","45.53352",-93.28502
"MN 20-2013","45.12374",-93.72276
"MN 21-2013","46.54539",-95.48248
"MN 22-2013","46.32685",-94.6636
"MT 01-2013","46.3289",-114.08067
"MT 02-2013","46.3289",-114.08067
"MT 03-2013","46.69389",-114.08031
"MT 04-2013","47.80043",-112.19556
"MT 05-2013","47.50133",-112.37253
"MT 06-2013","48.74054",-112.14559
"MT 07-2013","46.41316",-104.62991
"MT 08-2013","47.56837",-104.27733
"MT 09-2013","47.74011",-104.12004
"MT 10-2013","48.08393",-105.55335
"MT 11-2013","48.07059",-105.69156
"MT 12-2013","47.71361",-111.68555
"MT 13-2013","45.91112",-111.49934
"MT 14-2013","45.786",-111.29379
"MT 15-2013","48.5589",-109.29504
"MT 16-2013","48.587889",-109.03197
"MT 17-2013","48.39043",-108.22675
"MT 18-2013","46.48623",-105.74927
"MT 19-2013","46.51772",-105.69151
"MT 20-2013","45.78302",-108.68805
"MT 21-2013","45.64392",-108.73398
"MT 22-2013","45.656589",-109.24833
"MT 23-2013","47.789209",-110.5551
"MT 24-2013","47.31157",-110.901
"NC 13-2013","35.499793",-77.899056
"ND 01-2013","48.150238",-98.083342
"ND 02-2013","47.8329",-98.79086
"ND 03-2013","46.50153",-99.998997
"ND 04-2013","47.500211",-97.800244
"ND 05-2013","47.576294",-98.591569
"ND 06-2013","46.70445",-101.00555
"ND 07-2013","48.31374",-102.67737
"ND 08-2013","47.6176",-100.1538
"ND 09-2013","48.016718",-98.050238
"ND 10-2013","48.966913",-97.566765
"ND 11-2013","47.35564",-102.3751
"ND 12-2013","48.71998",-102.0621
"ND 13-2013","48.71992",-102.062
"ND 14-2013","47.03287",-102.88452
"ND 15-2013","47.35459",-102.37497
"ND 16-2013","48.27663",-102.07417
"ND 17-2013","48.70441",-101.29355
"ND 18-2013","46.876923",-102.760974
"ND 19-2013","46.850046",-97.950096
"ND 20-2013","46.70447",-101.00573
"ND 22-2013","47.950143",-97.766801
"ND 23-2013","48.616893",-97.950105
"ND 24-2013","47.26944",-101.65968
"NJ 01-2013","39.50341",-74.60309
"NJ 02-2013","39.63154",-75.24977
"NJ 03-2013","40.31357",-74.08014
"NJ 04-2013","39.66193",-74.82928
"NJ 05-2013","39.82594",-74.72746
"NJ 06-2013","40.0001097222222",-74.7001430555555
"NJ 07-2013","39.383449",-74.830327
"NJ 08-2013","41.18613",-74.47903
"NJ 09-2013","40.48381",-74.80235
"NJ 10-2013","40.56394",-74.5696
"NJ 11-2013","40.55841",-74.7223
"NJ 12-2013","40.466683",-74.516673
"NJ 13-2013","40.17214",-74.46099
"NJ 14-2013","39.91692",-74.91473
"NJ 15-2013","39.72949",-75.09689
"NJ 16-2013","40.87646",-74.34033
"NJ 17-2013","40.43103",-74.89497
"NJ 18-2013","40.97815",-74.87239
"NJ 19-2013","40.683462",-74.666741
"NJ 20-2013","39.433517",-75.150246
"NJ 21-2013","40.06679",-74.483489
"NJ 22-2013","39.25977",-74.72555
"NJ 23-2013","38.9985",-74.8935
"NJ 24-2013","39.783352",-74.900019
"NY 01-2013","43.313357",-78.575124
"NY 02-2013","43.23426",-76.662697
"NY 03-2013","41.3768645",-75.894486
"NY 06-2013","43.199487",-76.8457419
"NY 07-2013","44.82198",-74.8346629
"NY 08-2013","42.3599312",-78.8111695
"NY 09-2013","43.326702",-77.97835
"NY 10-2013","42.360398",-78.933562
"NY 11-2013","42.88839",-75.450953
"NY 12-2013","43.533834",-73.393181
"NY 13-2013","43.222034",-73.558452
"NY 14-2013","42.860085",-74.2122537
"NY 15-2013","43.32389",-77.99234
"NY 16-2013","44.816855",-73.020891
"NY 17-2013","41.5791617",-75.8801907
"NY 18-2013","43.06652",-75.073329
"NY 19-2013","43.169458",-74.948194
"NY 21-2013","42.538772",-75.24431
"NY 22-2013","43.348713",-73.36697
"NY 23-2013","43.000567",-78.437086
"NY 24-2013","40.5293509",-74.315256
"OH 05-2013","38.435289",-83.331092
"OH 15-2013","41.63026",-81.56592
"OH 18-2013","41.143218",-81.180106
"OR 01-2013","44.224352",-123.190216
"OR 02-2013","45.164205",-122.453641
"OR 03-2013","42.409374",-123.132623
"OR 04-2013","45.822684",-119.560071
"OR 05-2013","44.037838",-121.314221
"OR 07-2013","45.55849",-122.626887
"OR 09-2013","44.640598",-123.5572191
"OR 10-2013","42.211578",-122.687977
"OR 11-2013","45.219886",-122.676957
"OR 13-2013","45.5784119",-121.631411
"OR 15-2013","45.638866",-122.850433
"OR 17-2013","45.3777508",-122.73359
"OR 18-2013","44.6161257",-123.0705352
"OR 19-2013","43.851953",-123.2365
"PA 01-2013","41.63485",-75.29697
"PA 02-2013","40.58834",-75.3486
"PA 03-2013","41.736625",-76.058454
"PA 04-2013","39.86179",-76.73976
"PA 05-2013","40.394499",-77.15021999
"PA 06-2013","40.67093",-76.79774
"PA 07-2013","40.6044879817",-75.8740282
"PA 08-2013","40.61471",-76.17163
"PA 10-2013","39.979524",-75.220779
"PA 11-2013","40.588645",-75.781068
"PA 12-2013","40.342586",-75.236655
"PA 13-2013","40.29628",-80.39053
"PA 16-2013","40.18493",-78.50201
"PA 17-2013","40.62988",-78.74651
"PA 18-2013","39.93142",-78.80871
"PA 21-2013","41.02106",-76.88895
"PA 22-2013","41.6144",-80.168248
"PA 23-2013","41.18346",-79.02801
"PA 24-2013","41.90959",-79.27735
"SC 03-2013","34.15848",-79.23453
"SC 18-2013","32.79465",-80.068703
"SD 01-2013","44.50181",-99.487059
"SD 02-2013","44.89317",-99.06302
"SD 03-2013","45.85789",-99.96026
"SD 04-2013","43.95125",-99.17214
"SD 16-2013","45.82787",-103.02777
"SD 17-2013","44.65871",-103.81695
"SD 18-2013","43.31814",-103.34811
"SD 19-2013","45.05512",-101.57366
"SD 20-2013","45.85886",-102.86208
"SD 21-2013","44.75642",-103.90353
"SD 23-2013","44.64308",-103.42628
"SD 24-2013","44.46726",-103.72818
"TN 02-2013","36.416905",-86.305527
"TN 03-2013","35.211334",-89.936395
"TN 04-2013","35.327566",-84.483867
"TN 06-2013","36.614324",-85.112225
"TN 07-2013","35.26872",-89.423912
"TN 09-2013","35.390989",-84.836315
"TN 10-2013","35.014029",-89.6236
"TN 11-2013","36.120619",-86.638576
"TN 12-2013","35.666559",-84.138966
"TN 13-2013","35.980719",-86.856958
"TN 14-2013","36.293573",-88.664791
"TN 15-2013","36.031942",-85.030893
"TN 17-2013","35.79445",-88.089608
"TN 18-2013","35.659722",-84.864226
"TN 19-2013","36.425717",-82.258719
"TN 21-2013","36.056477",-84.254796
"TN 23-2013","36.44695",-86.299758
"TX 01-2013","30.2097015",-97.6982272
"TX 02-2013","30.49419",-96.33642
"TX 03-2013","28.7712909",-97.0068393
"TX 04-2013","33.48488",-95.29731
"TX 05-2013","29.8503094",-94.8919067
"TX 06-2013","30.9599",-97.26833
"TX 07-2013","30.97121",-97.2682
"TX 08-2013","26.30178",-97.82156
"TX 09-2013","33.5403738",-101.6746823
"TX 10-2013","30.04556",-94.57806
"TX 11-2013","30.14604",-94.42749
"TX 12-2013","33.22385",-96.36984
"TX 13-2013","33.25106",-96.30306
"TX 14-2013","34.0519868",-98.99599788
"TX 16-2013","29.046476",-98.963493
"TX 17-2013","33.969369",-98.520402
"TX 24-2013","31.48645",-106.20698
"UT 01-2013","40.40381",-111.91621
"UT 02-2013","40.70484",-111.87616
"UT 03-2013","41.74411",-112.00167
"UT 04-2013","41.70214",-111.9656
"UT 05-2013","41.96649",-111.97738
"UT 06-2013","41.75425",-111.86405
"UT 07-2013","41.7923",-111.81025
"UT 08-2013","40.7255393",-112.0703269
"UT 09-2013","41.2917",-111.80018
"UT 10-2013","41.311",-111.84005
"UT 11-2013","40.59728",-111.92369
"UT 12-2013","40.64303",-111.893
"UT 13-2013","40.49714",-111.88086
"UT 14-2013","40.6144",-111.88704
"UT 15-2013","40.53611",-111.90673
"UT 16-2013","39.506",-110.80247
"UT 17-2013","39.57208",-110.68938
"UT 18-2013","39.25731",-112.65271
"UT 19-2013","39.38546",-112.60658
"VA 01-2013","38.2493",-77.1417
"VA 04-2013","37.8029",-75.6059
"VA 05-2013","37.2259",-77.4381
"VA 06-2013","36.6297",-76.7364
"VA 07-2013","38.6288",-78.5052
"VA 08-2013","37.2243",-80.462
"VA 10-2013","36.9759",-76.7651
"VA 13-2013","37.1926",-77.279
"VA 16-2013","37.917",-75.5247
"VA 17-2013","37.7527",-77.3693
"VA 18-2013","38.5893",-78.4771
"VA 20-2013","36.8916",-76.1769
"WI 01-2013","42.51412",-89.033257
"WI 02-2013","42.96031",-88.16153
"WI 03-2013","44.646582",-88.160827
"WI 04-2013","42.87441",-88.04765
"WI 05-2013","42.93134",-88.31207
"WI 06-2013","42.88103",-89.9889
"WI 07-2013","43.59198",-90.38734
"WI 08-2013","44.095476",-89.706545
"WI 09-2013","43.58003",-88.32409
"WI 10-2013","42.734405",-89.907013
"WI 11-2013","42.92604",-88.32709
"WI 12-2013","42.85769",-88.41086
"WI 13-2013","43.1731",-89.72897
"WI 14-2013","44.0788",-88.10958
"WI 15-2013","42.70049",-89.10715
"WI 16-2013","43.034141",-88.624504
"WI 17-2013","43.7844397",-88.7878678
"WI 18-2013","42.679785",-87.89419
"WI 19-2013","43.11732",-89.59198
"WI 20-2013","44.502673",-89.246174
"WI 21-2013","42.58118",-88.37782
"WI 22-2013","43.16709",-89.79098
"WI 23-2013","43.296949",-88.853885
"WI 24-2013","43.547428",-89.106529
"WV 01-2013","38.765457",-79.62269
"WV 02-2013","39.33823",-78.56105
"WV 04-2013","39.20385",-77.85297
"WV 07-2013","39.29491",-80.77518
"WV 09-2013","39.32245",-81.24289
"WV 10-2013","39.19702",-79.85605
"WV 15-2013","38.02433",-82.20166
"WV 16-2013","38.98699",-81.07189
"WV 17-2013","80.19262000000001",-80.19262
"WV 18-2013","37.964213",-80.504361
"WV 19-2013","37.79961",-80.86423
"WV 21-2013","38.93711",-82.0991
"WV 22-2013","38.95047",-81.54725
"WV 23-2013","39.37368",-81.44029
"WV 24-2013","38.64555",-80.76419
"AL 01-2013","30.89446",-88.2568
"AL 02-2013","31.24316",-85.549448
"AL 03-2013","31.65046",-86.90719
"AL 04-2013","31.77557",-85.99686
"AL 06-2013","30.48254",-87.56001
"AL 07-2013","31.51954",-85.70905
"AL 08-2013","31.13166",-85.21298
"AL 09-2013","30.78766",-88.11435
"AL 11-2013","31.27086",-85.50201
"AL 12-2013","30.36959",-87.67256
"AL 13-2013","30.43737",-87.89433
"AL 20-2013","31.05666",-85.05266
"CA 11-2013","39.80938",-122.065567
"CA 12-2013","39.633508",-121.70008
"CA 13-2013","39.724018",-122.186447
"CA 14-2013","40.600031",-122.033535
"CA 15-2013","40.300044",-122.383438
"CA 16-2013","39.716936",-121.983461
"CA 17-2013","40.613031",-122.230073
"CA 18-2013","39.633418",-122.050112
"CA 19-2013","39.70015",-121.816799
"CA 20-2013","40.614054",-122.237434
"CA 21-2013","39.716873",-122.200127
"CA 22-2013","39.366732",-122.566728
"CA 23-2013","38.44547",-121.81081
"CA 24-2013","39.033472",-121.150127
"CA 25-2013","39.809325",-122.0655
"CA 26-2013","39.133344",-121.750066
"CA 27-2013","39.016879",-120.88357
"CA 28-2013","40.50023",-122.016719
"CA 29-2013","37.07799",-120.869848
"CA 30-2013","37.34712",-120.54724
"CA 31-2013","37.366768",-120.533417
"CA 32-2013","37.05489",-120.16155
"CA 33-2013","37.06106",-120.14467
"CA 34-2013","37.05344",-120.14431
"CA 35-2013","37.400067",-120.550249
"CA 36-2013","37.383563",-120.533563
"CA 37-2013","37.366689",-120.500194
"CA 38-2013","37.750031",-120.450234
"CA 39-2013","37.08348",-120.300104
"CA 40-2013","35.558056",-119.664722
"CA 41-2013","37.366799",-120.516906
"CA 44-2013","36.431944",-119.280278
"CA 47-2013","36.533564",-120.0502
"CA 48-2013","36.500057",-119.900122
"FL 19-2013","28.033417",-81.8765
"FL 20-2013","28.1101103",-81.7127954
"FL 21-2013","27.6893005",-82.3214111
"FL 22-2013","28.583607",-81.983525
"FL 23-2013","28.650196",-80.833336
"FL 24-2013","26.813108",-80.288643
"GU 21-2013","13.25936",-144.73659
"GU 22-2013","13.2497",-144.724
"GU 23-2013","15.143686",-145.71101
"GU 24-2013","15.107158",-145.71791
"HI 19-2013","21.442475",-158.23409
"HI 20-2013","19.354714",-155.26929
"HI 21-2013","21.1252",-157.07858
"HI 22-2013","21.110269",-157.10959
"HI 23-2013","19.518853",-154.94089
"IA 01-2013","40.975847",-95.5214
"IA 02-2013","41.619161",-95.420903
"IA 03-2013","41.065586",-95.765247
"IA 04-2013","41.457564",-94.757853
"IA 05-2013","41.85258",-94.8073
"IA 10-2013","41.55899",-93.47227
"IA 13-2013","41.79834",-93.7078
"IA 14-2013","41.00167",-91.68917
"IA 15-2013","41.51786",-94.00841
"IA 16-2013","41.64692",-93.71956
"IA 17-2013","42.389166",-91.389166
"IA 18-2013","41.5443",-93.82401
"IA 19-2013","41.44894",-93.75622
"IA 20-2013","41.78578",-93.40089
"IA 21-2013","41.90825",-93.64257
"IA 22-2013","42.06081",-93.6198
"IA 23-2013","42.10706",-93.5811
"IA 24-2013","41.48535",-93.55768
"MD 07-2013","39.70258",-76.70844
"MD 08-2013","39.67525",-76.69154
"MD 09-2013","39.52653",-77.4215
"MD 10-2013","38.36925",-76.63448
"MD 11-2013","38.4022",-76.80528
"MD 12-2013","38.33086",-76.64239
"MD 14-2013","38.98214",-76.26787
"MD 15-2013","39.01949",-76.05906
"MD 16-2013","39.64491",-76.33864
"MD 17-2013","39.67025",-76.40218
"MD 18-2013","39.3162",-76.51012
"MD 19-2013","39.25789",-76.42896
"MD 20-2013","39.37801",-76.41743
"MD 21-2013","39.45416",-76.44083
"MD 22-2013","39.23394",-77.03675
"MD 23-2013","39.2504",-76.50835
"MD 24-2013","39.22619",-77.23131
"MN 02-2013","44.190131",-92.498131
"MN 05-2013","44.03748",-94.423
"MN 06-2013","45.09755",-92.91317
"MN 07-2013","43.918119",-92.575114
"MN 10-2013","46.38308",-95.19548
"MN 13-2013","44.082642",-92.648028
"MN 14-2013","45.392689",-94.718839
"MN 15-2013","44.9839",-93.75385
"MN 18-2013","46.169964",-95.028031
"MN 23-2013","45.83677",-94.859956
"MN 24-2013","45.79106",-94.41483
"MN 17-2013","46.29673",-95.11298
"NV 01-2013","39.537318",-118.553008
"NV 02-2013","39.537318",-118.529288
"NV 03-2013","36.234278",-115.30812
"NV 04-2013","39.35294",-119.094783
"NV 05-2013","38.85401",-119.164028
"NV 06-2013","39.369948",-119.733147
"NV 07-2013","35.801768",-115.669163
"NV 08-2013","39.369995",-119.703277
"NV 09-2013","39.292189",-118.471412
"NV 10-2013","40.140583",-118.260099
"NV 11-2013","40.228317",-118.441967
"NV 13-2013","39.51903",-118.539003
"NV 14-2013","39.292653",-119.44305
"NV 16-2013","39.50517",-119.899378
"NV 17-2013","36.234278",-115.30812
"NV 19-2013","36.185191",-115.121432
"NV 20-2013","39.292653",-119.44305
"NV 21-2013","35.801768",-115.669163
"NV 22-2013","39.409812",-119.718277
"NV 23-2013","40.23927",-118.442415
"NV 24-2013","39.593127",-119.237
"OH 01-2013","40.122483",-81.482043
"OH 02-2013","40.243212",-80.511019
"OH 03-2013","39.27006",-81.304965
"OH 04-2013","39.383409",-84.194613
"OH 07-2013","39.373237",-83.572983
"OH 08-2013","39.37499",-81.25382
"OH 09-2013","38.544331",-82.37076
"OH 10-2013","38.545607",-82.174725
"OH 11-2013","40.283729",-83.454527
"OH 12-2013","40.434112",-80.705
"OH 13-2013","39.451514",-84.11093
"OH 14-2013","38.562745",-82.14191
"OH 16-2013","39.493666",-83.314323
"OH 17-2013","40.4551667",-81.172156
"OH 19-2013","40.919307",-81.89018
"OH 20-2013","39.45579",-81.274629
"OH 21-2013","39.492137",-84.42543
"OH 22-2013","39.544002",-84.0939
"OH 23-2013","41.27574",-84.46534
"OH 24-2013","41.81853",-81.521852
"PA 09-2013","41.33713",-77.042801
"PA 14-2013","40.4619031608628",-77.8227496147155
"PA 15-2013","39.8563",-77.65997
"PA 19-2013","40.19424",-77.24143
"PA 20-2013","39.81702",-76.6229
"PR 01-2013","18.331967",-65.94301
"PR 06-2013","18.181932",-66.89327
"PR 10-2013","17.962",-66.399
"PR 12-2013","18.21932",-66.67229
"PR 13-2013","18.254391",-65.9907433
"PR 18-2013","18.299597",-66.03273
"PR 19-2013","18.3348357",-66.8226
"PR 21-2013","18.184535",-66.96916
"PR 23-2013","18.20756",-66.49
"PR 24-2013","18.223632",-66.28634
"SC 01-2013","33.10054",-80.86455
"SC 02-2013","34.1294",-79.66349
"SC 04-2013","34.29876",-79.32687
"SC 05-2013","34.25362",-80.67216
"SC 06-2013","33.55649",-80.09251
"SC 07-2013","33.92872",-80.03518
"SC 08-2013","33.71248",-80.08595
"SC 09-2013","35.12115",-82.04662
"SC 10-2013","35.04678",-82.18939
"SC 11-2013","34.30614",-82.58294
"SC 12-2013","34.79406",-82.78956
"SC 13-2013","34.4398",-81.83698
"SC 14-2013","34.4292",-81.72341
"SC 15-2013","34.99049",-82.39122
"SC 16-2013","34.99049",-82.39122
"SC 17-2013","33.96626",-81.13268
"SC 19-2013","34.66814",-82.079338
"SC 20-2013","34.50335",-82.086143
"SC 21-2013","34.34948",-82.571114
"SC 22-2013","34.36363",-82.65509
"SC 23-2013","34.37122",-82.690163
"SC 24-2013","33.84112",-80.989143
"SD 05-2013","43.9087550466",-100.14094222
"SD 06-2013","45.3294515658",-97.016236729
"SD 07-2013","44.3786752636",-100.1942898
"SD 08-2013","45.3517113127",-96.754903375
"SD 09-2013","45.0166902032",-96.674727266
"SD 10-2013","44.7356606084",-96.677865122
"SD 11-2013","45.03206",-102.00288
"SD 12-2013","44.5789381099",-98.498511143
"SD 13-2013","44.5926744757",-98.276117333
"SD 14-2013","43.9637671416",-98.186963098
"SD 22-2013","44.50635",-102.93746
"TN 01-2013","35.58094",-84.261355
"TN 05-2013","36.27886",-84.146906
"TN 08-2013","35.344487",-89.625086
"TN 16-2013","35.924722",-88.128788
"TN 20-2013","36.060835",-83.363659
"TN 22-2013","35.7649",-84.082566
"TN 24-2013","35.818918",-85.415543
"TX 18-2013","28.53201",-97.90369
"TX 19-2013","30.497981",-94.996601
"TX 20-2013","30.0471",-94.71198
"TX 21-2013","33.18754",-94.66196
"UT 20-2013","38.58666",-109.56524
"UT 21-2013","40.27167",-110.06799
"UT 22-2013","40.60261",-109.48186
"UT 23-2013","39.014589",-110.140525
"UT 24-2013","37.28725",-109.56663
"UT feral-2013","37.04587499",-109.5391
"VA 02-2013","38.27419",-77.75319
"VA 03-2013","38.5065",-77.54553
"VA 09-2013","37.66586",-77.87489
"VA 11-2013","38.13455",-78.60738
"VA 12-2013","37.43353",-77.96579
"VA 15-2013","36.87695",-77.46023
"VA 19-2013","38.15207",-78.53318
"VA 22-2013","37.19841",-80.58161
"VA 23-2013","37.4477",-79.05206
"VA 24-2013","37.47759",-78.27126
"OH 06-2013","41.983603",-84.500144
