OBJECTID,Join_Count,TARGET_FID,sampleid,x,y,month,year,pointid,grid_code,Shape_Leng,Shape_Area
1,0,1,VA 19-2013,-78.53318000000,38.15207000000,5,2014,0,0,24366.07575950000,45728568.75910000000
2,0,2,VA 24-2013,-78.27126000000,37.47759000000,5,2014,0,0,24454.67308140000,46141208.43810000000
3,0,3,VA 02-2013,-77.75319000000,38.27419000000,5,2014,0,0,24349.84759970000,45653168.61540000000
4,0,4,OH 08-2013,-81.25382000000,39.37499000000,6,2014,0,0,24200.90461000000,44964050.40510000000
5,0,5,OH 17-2013,-81.17216000000,40.45517000000,7,2014,0,0,24049.92794040000,44271447.08090000000
6,0,6,OH 12-2013,-80.70500000000,40.43411000000,7,2014,0,0,24052.91794500000,44285100.94410000000
7,0,7,OH 09-2013,-82.37076000000,38.54433000000,8,2014,0,0,24313.74273320000,45485630.42120000000
8,0,8,OH 01-2013,-81.48204000000,40.12248000000,6,2014,0,0,24096.95103910000,44486479.51990000000
9,0,9,OH 02-2013,-80.51102000000,40.24321000000,7,2014,0,0,24079.94124160000,44408621.48620000000
10,0,10,VA 12-2013,-77.96579000000,37.43353000000,6,2014,0,0,24460.40061450000,46167939.30290000000
11,0,11,VA 09-2013,-77.87489000000,37.66586000000,6,2014,0,0,24430.11687500000,46026676.08530000000
12,0,12,OH 14-2013,-82.14191000000,38.56274000000,10,2014,0,0,24311.27112020000,45474172.50910000000
13,0,13,OH 20-2013,-81.27463000000,39.45579000000,7,2014,0,0,24189.77948720000,44912801.08950000000
14,0,14,OH 10-2013,-82.17472000000,38.54561000000,10,2014,0,0,24313.57143790000,45484836.37280000000
15,0,15,VA 11-2013,-78.60738000000,38.13455000000,5,2014,0,0,24368.39928470000,45739369.10730000000
16,0,16,OH 03-2013,-81.30496000000,39.27006000000,7,2014,0,0,24215.31216990000,45030468.99560000000
17,0,17,PA 14-2013,-77.82275000000,40.46190000000,6,2014,0,0,24048.97078710000,44267076.81490000000
18,0,18,VA 23-2013,-79.05206000000,37.44770000000,5,2014,0,0,24458.55937480000,46159345.45070000000
19,0,19,PA 05-2014,-78.99178000000,40.19153000000,9,2014,0,0,24087.23051660000,44441976.13390000000
20,0,20,PA 06-2014,-77.93381000000,40.59051000000,9,2014,0,0,24030.66190790000,44183531.79310000000
21,0,21,VA 05-2014,-79.46782000000,37.78737000000,10,2014,0,0,24414.19704770000,45952489.59960000000
22,0,22,VA 06-2014,-77.86843000000,39.09878000000,9,2014,0,0,24238.73362280000,45138555.73520000000
23,0,23,VA 07-2014,-79.62650000000,37.39850000000,9,2014,0,0,24464.94908920000,46189171.97010000000
24,0,24,VA 14-2014,-78.94592000000,38.12483000000,10,2014,0,0,24369.68776150000,45745358.96280000000
25,0,25,VA 18-2014,-79.02832000000,37.23359000000,10,2014,0,0,24486.29995780000,46288892.42210000000
26,0,26,VA 19-2014,-78.96936000000,38.06768000000,10,2014,0,0,24377.25637670000,45780550.52670000000
27,0,27,IA 17-2013,-91.38917000000,42.38917000000,6,2014,0,0,23766.88535550000,42991509.98550000000
28,0,28,IL 01-2014,-89.54980000000,38.40821000000,8,2014,0,0,24331.97215500000,45570182.94630000000
29,0,29,IL 02-2014,-89.25679000000,37.44799000000,8,2014,0,0,24458.52284520000,46159174.37110000000
30,0,30,IL 03-2014,-90.14869000000,38.37108000000,8,2014,0,0,24336.93098340000,45593196.62080000000
31,0,31,IL 04-2014,-88.73156000000,38.47193000000,8,2014,0,0,24323.44770020000,45530634.85070000000
32,0,32,IL 05-2014,-89.48260000000,38.05990000000,8,2014,0,0,24378.28616220000,45785339.20010000000
33,0,33,IL 06-2014,-88.03168000000,39.26459000000,8,2014,0,0,24216.06219390000,45033927.85720000000
34,0,34,IL 07-2014,-87.70790000000,38.90020000000,8,2014,0,0,24265.74022920000,45263359.06870000000
35,0,35,IL 08-2014,-87.96730000000,41.42490000000,8,2014,0,0,23910.11479420000,43636008.09360000000
36,0,36,IL 09-2014,-90.14025000000,41.83484000000,7,2014,0,0,23849.74756620000,43363544.49200000000
37,0,37,IL 10-2014,-89.15416000000,41.97538000000,7,2014,0,0,23828.87340750000,43269607.57950000000
38,0,38,IL 11-2014,-88.92370000000,41.30530000000,7,2014,0,0,23927.58340400000,43715069.87830000000
39,0,39,IL 12-2014,-87.87309000000,41.97048000000,7,2014,0,0,23829.60327720000,43272889.75550000000
40,0,40,IL 13-2014,-87.87309000000,41.97048000000,7,2014,0,0,23829.60327720000,43272889.75550000000
41,0,41,IL 14-2014,-88.99076000000,42.35387000000,8,2014,0,0,23772.20424160000,43015321.32470000000
42,0,42,IL 15-2014,-89.49322000000,41.28653000000,8,2014,0,0,23930.31945670000,43727461.88710000000
43,0,43,IL 16-2014,-90.23548000000,42.23227000000,9,2014,0,0,23790.48405890000,43097228.27960000000
44,0,44,IL 17-2014,-89.44337000000,39.75104000000,7,2014,0,0,24148.89878940000,44724761.93730000000
45,0,45,IL 18-2014,-89.23987000000,39.54713000000,7,2014,0,0,24177.17108660000,44854758.24540000000
46,0,46,IL 19-2014,-89.61095000000,40.07072000000,7,2014,0,0,24104.22538230000,44519800.81740000000
47,0,47,IL 20-2014,-88.84124000000,40.42139000000,8,2014,0,0,24054.72410580000,44293349.74890000000
48,0,48,IL 21-2014,-89.53146000000,40.65298000000,8,2014,0,0,24021.74293970000,44142869.50210000000
49,0,49,IL 22-2014,-91.20499000000,39.75590000000,8,2014,0,0,24148.22211370000,44721653.25180000000
50,0,50,IL 23-2014,-88.18162000000,40.13433000000,9,2014,0,0,24095.28487410000,44478849.22430000000
51,0,51,IL 24-2014,-89.53521000000,38.75240000000,8,2014,0,0,24285.73830540000,45355890.76070000000
52,0,52,MD 07-2013,-76.70844000000,39.70258000000,4,2014,0,0,24155.63295480000,44755706.51830000000
53,0,53,VA 03-2013,-77.54553000000,38.50650000000,5,2014,0,0,24318.81598060000,45509153.85750000000
54,0,54,MD 21-2013,-76.44083000000,39.45416000000,5,2014,0,0,24190.00392730000,44913834.90670000000
55,0,55,MD 17-2013,-76.40218000000,39.67025000000,5,2014,0,0,24160.12052300000,44776334.09110000000
56,0,56,MD 10-2013,-76.63448000000,38.36925000000,6,2014,0,0,24337.17517730000,45594330.41670000000
57,0,57,MD 14-2013,-76.26787000000,38.98214000000,5,2014,0,0,24254.61539590000,45211926.96400000000
58,0,58,MD 16-2013,-76.33864000000,39.64491000000,5,2014,0,0,24163.63479790000,44792491.69060000000
59,0,59,MD 15-2013,-76.05906000000,39.01949000000,5,2014,0,0,24249.53577020000,45188453.04780000000
60,0,60,MD 19-2013,-76.42896000000,39.25789000000,5,2014,0,0,24216.98002900000,45038161.44140000000
61,0,61,MD 23-2013,-76.50835000000,39.25040000000,6,2014,0,0,24218.00647660000,45042895.79910000000
62,0,62,MD 08-2013,-76.69154000000,39.67525000000,4,2014,0,0,24159.42675780000,44773144.85760000000
63,0,63,MD 09-2013,-77.42150000000,39.52653000000,4,2014,0,0,24180.01719190000,44867857.00960000000
64,0,64,MD 20-2013,-76.41743000000,39.37801000000,5,2014,0,0,24200.48903710000,44962135.64290000000
65,6,65,MD 11-2013,-76.80528000000,38.40220000000,5,2014,16817,6,24332.77434200000,45573905.91930000000
66,0,66,MD 18-2013,-76.51012000000,39.31620000000,5,2014,0,0,24208.98220100000,45001281.54110000000
67,0,67,MD 12-2013,-76.64239000000,38.33086000000,5,2014,0,0,24342.29715570000,45618107.50480000000
68,0,68,MD 24-2013,-77.23131000000,39.22619000000,6,2014,0,0,24221.32234690000,45058191.64630000000
69,0,69,MD 22-2013,-77.03675000000,39.23394000000,6,2014,0,0,24220.26112320000,45053296.11830000000
70,0,70,VA 09-2014,-77.61086000000,39.12190000000,9,2014,0,0,24235.57900260000,45123989.33190000000
71,0,71,VA 13-2014,-77.51474000000,39.22692000000,9,2014,0,0,24221.22236600000,45057730.48190000000
72,0,72,MT 01-2014,-114.65143000000,47.67460000000,9,2014,0,0,22897.80800640000,39242406.34350000000
73,0,73,MT 02-2014,-112.00084000000,46.69823000000,9,2014,0,0,23070.02912160000,39961809.37390000000
74,0,74,MT 03-2014,-112.06944000000,46.62656000000,9,2014,0,0,23082.44865090000,40014154.66610000000
75,0,75,MT 04-2014,-114.07707000000,46.21102000000,10,2014,0,0,23153.85962200000,40316340.13710000000
76,0,76,MT 05-2014,-111.87875000000,46.03836000000,10,2014,0,0,23183.24008730000,40441261.27730000000
77,0,77,MT 06-2014,-112.00869000000,46.15466000000,10,2014,0,0,23163.46861560000,40357158.24320000000
78,0,78,MT 07-2014,-111.83847000000,47.61097000000,10,2014,0,0,22909.20791440000,39289651.10960000000
79,0,79,MT 08-2014,-111.96774000000,47.48373000000,10,2014,0,0,22931.92926340000,39383974.77460000000
80,0,80,OR 08-2014,-117.20713000000,43.98745000000,10,2014,0,0,23519.70539010000,41895930.41550000000
81,0,81,CT 03-2014,-71.86679000000,41.70016000000,10,2014,0,0,23869.66459590000,43453308.22880000000
82,0,82,CT 04-2014,-73.16676000000,41.68335000000,7,2014,0,0,23872.14365040000,43464490.13520000000
83,0,83,CT 12-2014,-72.14250000000,41.61970000000,10,2014,0,0,23881.52339690000,43506815.82980000000
84,0,84,CT 13-2014,-73.38351000000,41.78359000000,7,2014,0,0,23857.33560190000,43397727.82610000000
85,0,85,CT 14-2014,-72.90012000000,41.40007000000,7,2014,0,0,23913.74645680000,43652437.12000000000
86,0,86,CT 16-2014,-72.20018000000,41.36674000000,10,2014,0,0,23918.61734670000,43674478.46310000000
87,0,87,CT 23-2014,-72.86670000000,41.71671000000,7,2014,0,0,23867.22096050000,43442288.22630000000
88,0,88,PA 21-2014,-75.12125000000,39.97868000000,9,2014,0,0,24117.13164970000,44578957.87420000000
89,0,89,PA 22-2014,-75.25251000000,40.16432000000,10,2014,0,0,24091.06316830000,44459520.12020000000
90,0,90,IA 01-2013,-95.52140000000,40.97585000000,6,2014,0,0,23975.37370050000,43931856.50930000000
91,0,91,IA 03-2013,-95.76525000000,41.06559000000,6,2014,0,0,23962.40421870000,43872953.84850000000
92,0,92,IA 02-2013,-95.42090000000,41.61916000000,6,2014,0,0,23881.60366900000,43507177.39850000000
93,0,93,PA 19-2013,-77.24143000000,40.19424000000,6,2014,0,0,24086.84829700000,44440226.90700000000
94,0,94,PA 20-2013,-76.62290000000,39.81702000000,6,2014,0,0,24139.71307150000,44682573.08040000000
95,0,95,PA 09-2013,-77.04280000000,41.33713000000,6,2014,0,0,23922.94041360000,43694046.93720000000
96,0,96,PA 15-2013,-77.65997000000,39.85630000000,6,2014,0,0,24134.23619610000,44657429.38720000000
97,0,97,PA 01-2014,-79.02801000000,41.18346000000,8,2014,0,0,23945.31340460000,43795414.12230000000
98,0,98,PA 02-2014,-80.22419000000,41.62241000000,9,2014,0,0,23881.12462700000,43505015.77990000000
99,0,99,PA 03-2014,-78.60244000000,41.45040000000,9,2014,0,0,23906.38159660000,43619124.59020000000
100,0,100,PA 04-2014,-78.50930000000,41.31853000000,9,2014,0,0,23925.65466180000,43706336.07750000000
101,0,101,PA 07-2014,-78.28896000000,40.96282000000,9,2014,0,0,23977.25271880000,43940395.25480000000
102,0,102,PA 08-2014,-78.38260000000,40.76626000000,9,2014,0,0,24005.52478280000,44068991.59920000000
103,0,103,PA 13-2014,-76.08075000000,39.95355000000,8,2014,0,0,24120.64816690000,44595084.10120000000
104,0,104,PA 14-2014,-77.15786000000,40.12078000000,8,2014,0,0,24097.18993410000,44487573.76320000000
105,0,105,PA 15-2014,-77.14327000000,40.14043000000,8,2014,0,0,24094.42555040000,44474914.56290000000
106,0,106,PA 16-2014,-76.49773000000,40.11438000000,8,2014,0,0,24098.09025000000,44491697.09860000000
107,0,107,PA 17-2014,-77.15934000000,41.32603000000,8,2014,0,0,23924.56005670000,43701379.80720000000
108,0,108,PA 18-2014,-77.20230000000,41.21726000000,9,2014,0,0,23940.40147800000,43773145.64840000000
109,0,109,PA 19-2014,-76.88895000000,41.02106000000,9,2014,0,0,23968.84305050000,43902190.77980000000
110,0,110,PA 20-2014,-76.56885000000,40.96593000000,8,2014,0,0,23976.80400720000,43938356.21170000000
111,0,111,SC 12-2013,-82.78956000000,34.79406000000,5,2014,0,0,24790.70779910000,47718355.49440000000
112,0,112,SC 11-2013,-82.58294000000,34.30614000000,5,2014,0,0,24849.12943600000,47993863.93150000000
113,0,113,SC 14-2013,-81.72341000000,34.42920000000,5,2014,0,0,24834.46913500000,47924706.97440000000
114,0,114,AL 08-2013,-85.21298000000,31.13166000000,3,2014,0,0,25210.78750790000,49700035.06260000000
115,0,115,SC 16-2013,-82.39122000000,34.99049000000,6,2014,0,0,24766.96355960000,47606453.74510000000
116,0,116,SC 13-2013,-81.83698000000,34.43980000000,5,2014,0,0,24833.20390850000,47918739.16540000000
117,0,117,AL 02-2013,-85.54945000000,31.24316000000,4,2014,0,0,25198.60178060000,49642672.02660000000
118,0,118,SC 20-2013,-82.08614000000,34.50335000000,7,2014,0,0,24825.61138720000,47882928.65360000000
119,0,119,SC 15-2013,-82.39122000000,34.99049000000,6,2014,0,0,24766.96355960000,47606453.74510000000
120,0,120,SC 17-2013,-81.13268000000,33.96626000000,6,2014,0,0,24889.36201790000,48183709.85110000000
121,0,121,SC 23-2013,-82.69016000000,34.37122000000,8,2014,0,0,24841.38257800000,47957318.08470000000
122,0,122,SC 01-2013,-80.86455000000,33.10054000000,3,2014,0,0,24990.16019770000,48659551.00680000000
123,0,123,SC 21-2013,-82.57111000000,34.34948000000,8,2014,0,0,24843.97191700000,47969532.98930000000
124,0,124,AL 20-2013,-85.05266000000,31.05666000000,3,2014,0,0,25218.96377030000,49738513.59760000000
125,0,125,SC 22-2013,-82.65509000000,34.36363000000,6,2014,0,0,24842.28678590000,47961583.56290000000
126,0,126,SC 19-2013,-82.07934000000,34.66814000000,7,2014,0,0,24805.86062940000,47789791.49730000000
127,0,127,AL 11-2013,-85.50201000000,31.27086000000,4,2014,0,0,25195.56885590000,49628391.98320000000
128,0,128,SC 24-2013,-80.98914000000,33.84112000000,8,2014,0,0,24904.08070230000,48253179.78400000000
129,0,129,FL 07-2014,-85.53855000000,30.78090000000,10,2014,0,0,25248.88741950000,49879260.64790000000
130,0,130,FL 11-2014,-84.72168000000,30.64375000000,10,2014,0,0,25263.68866550000,49948830.72070000000
131,0,131,FL 17-2014,-85.46793000000,30.45181000000,12,2014,0,0,25284.31250090000,50045710.34930000000
132,0,132,FL 18-2014,-84.70596000000,30.35993000000,12,2014,0,0,25294.14792180000,50091886.74570000000
133,0,133,FL 22-2014,-85.53855000000,30.78059000000,10,2014,0,0,25248.92067210000,49879416.99100000000
134,0,134,FL 24-2014,-85.23155000000,30.95966000000,11,2014,0,0,25229.51450320000,49788153.60440000000
135,0,135,GA 02-2014,-81.99091000000,32.24271000000,9,2014,0,0,25087.72476530000,49120044.79440000000
136,0,136,GA 03-2014,-81.99091000000,32.24271000000,11,2014,0,0,25087.72476530000,49120044.79440000000
137,0,137,GA 04-2014,-83.07260000000,31.10380000000,9,2014,0,0,25213.82648600000,49714337.95460000000
138,0,138,GA 05-2014,-83.39980000000,32.09090000000,9,2014,0,0,25104.75662090000,49200390.24080000000
139,0,139,GA 06-2014,-81.99091000000,32.24271000000,10,2014,0,0,25087.72476530000,49120044.79440000000
140,0,140,GA 07-2014,-83.22800000000,30.58670000000,9,2014,0,0,25269.82914110000,49977682.75050000000
141,0,141,GA 08-2014,-82.51710000000,31.19390000000,9,2014,0,0,25203.98963950000,49668037.17120000000
142,0,142,GA 09-2014,-81.99091000000,32.24271000000,11,2014,0,0,25087.72476530000,49120044.79440000000
143,0,143,GA 10-2014,-83.17770000000,31.28240000000,12,2014,0,0,25194.30445240000,49622438.65900000000
144,0,144,GA 11-2014,-81.99091000000,32.24271000000,11,2014,0,0,25087.72476530000,49120044.79440000000
145,0,145,GA 12-2014,-81.99091000000,32.24271000000,12,2014,0,0,25087.72476530000,49120044.79440000000
146,0,146,GA 13-2014,-81.99091000000,32.24271000000,12,2014,0,0,25087.72476530000,49120044.79440000000
147,0,147,GA 14-2014,-81.99091000000,32.24710000000,12,2014,0,0,25087.23125660000,49117716.39430000000
148,0,148,GA 15-2014,-83.00810000000,30.42320000000,9,2014,0,0,25287.37743610000,50060101.93280000000
149,0,149,GA 16-2014,-83.17900000000,31.33860000000,9,2014,0,0,25188.14231490000,49593421.09730000000
150,0,150,GA 17-2014,-83.02440000000,31.22700000000,9,2014,0,0,25200.36991740000,49650996.65620000000
151,0,151,GA 18-2014,-81.99091000000,32.24271000000,10,2014,0,0,25087.72476530000,49120044.79440000000
152,0,152,GA 19-2014,-83.45420000000,32.07870000000,9,2014,0,0,25106.12222120000,49206831.61210000000
153,0,153,GA 20-2014,-81.99091000000,32.24271000000,10,2014,0,0,25087.72476530000,49120044.79440000000
154,0,154,GA 21-2014,-81.99091000000,32.24271000000,10,2014,0,0,25087.72476530000,49120044.79440000000
155,0,155,GA 22-2014,-81.99091000000,32.24271000000,9,2014,0,0,25087.72476530000,49120044.79440000000
156,0,156,GA 23-2014,-81.99091000000,32.24271000000,10,2014,0,0,25087.72476530000,49120044.79440000000
157,0,157,GA 24-2014,-83.24430000000,31.28140000000,12,2014,0,0,25194.41403360000,49622954.62430000000
158,0,158,SC 05-2013,-80.67216000000,34.25362000000,4,2014,0,0,24855.37094160000,48023310.71930000000
159,0,159,SC 07-2013,-80.03518000000,33.92872000000,4,2014,0,0,24893.78269690000,48204573.93940000000
160,0,160,SC 02-2013,-79.66349000000,34.12940000000,3,2014,0,0,24870.09762490000,48092797.44970000000
161,0,161,SC 06-2013,-80.09251000000,33.55649000000,4,2014,0,0,24937.37030390000,48410324.56500000000
162,0,162,SC 10-2013,-82.18939000000,35.04678000000,5,2014,0,0,24760.13538800000,47574282.90180000000
163,0,163,SC 08-2013,-80.08595000000,33.71248000000,4,2014,0,0,24919.15825100000,48324350.68190000000
164,0,164,SC 04-2013,-79.32687000000,34.29876000000,3,2014,0,0,24850.00690490000,47998003.72020000000
165,0,165,SC 09-2013,-82.04662000000,35.12115000000,5,2014,0,0,24751.09742400000,47531707.51680000000
166,0,166,TX 07-2014,-98.51431000000,34.66677000000,10,2014,0,0,24806.02663900000,47790573.25150000000
167,0,167,TX 08-2014,-98.62750000000,33.62758000000,10,2014,0,0,24929.08173970000,48371194.90520000000
168,7,168,ND 01-2014,-98.14755000000,47.90355000000,7,2014,1302,6,22856.58190510000,39071999.61140000000
169,26,169,ND 07-2014,-100.14011000000,47.64622000000,8,2014,1446,6,22902.89456110000,39263480.54720000000
170,5,170,ND 08-2014,-99.89287000000,48.34431000000,7,2014,1207,6,22776.29283000000,38742139.49640000000
171,4,171,ND 10-2014,-99.89287000000,48.34753000000,7,2014,1207,6,22775.70177150000,38739720.99570000000
172,147,172,ND 12-2014,-100.23463000000,47.87640000000,8,2014,1284,6,22861.48778060000,39092240.92790000000
173,1608,173,ND 13-2014,-99.91727000000,46.80349000000,8,2014,1515,6,23051.73621420000,39884823.27440000000
174,802,174,ND 14-2014,-100.03773000000,48.45780000000,7,2014,387,6,22755.41958270000,38656820.69140000000
175,4,175,ND 15-2014,-99.89310000000,48.34768000000,7,2014,1207,6,22775.67431270000,38739608.71900000000
176,386,176,ND 18-2014,-102.94169000000,48.58935000000,8,2014,1,6,22731.12113750000,38557729.36310000000
177,147,177,ND 21-2014,-100.23455000000,47.87640000000,8,2014,1284,6,22861.48772510000,39092240.79920000000
178,8,178,ND 22-2014,-98.16042000000,47.90215000000,7,2014,1302,6,22856.83503870000,39073043.61660000000
179,6,179,ND 02-2014,-98.02757000000,47.67190000000,7,2014,1468,6,22898.29120750000,39244408.40850000000
180,1,180,ND 03-2014,-98.16203000000,48.47058000000,7,2014,1189,6,22753.06324940000,38647200.79640000000
181,73,181,ND 04-2014,-97.99183000000,48.39622000000,7,2014,1191,6,22766.75621560000,38703136.49390000000
182,7,182,ND 05-2014,-98.42443000000,46.89135000000,7,2014,1486,6,23036.41719890000,39820457.09750000000
183,4,183,ND 06-2014,-97.99300000000,47.80707000000,7,2014,1441,6,22873.99438440000,39143888.28410000000
184,1,184,ND 09-2014,-98.78732000000,46.92235000000,7,2014,1488,6,23031.00116230000,39797723.11750000000
185,1,185,ND 11-2014,-98.75860000000,46.87677000000,7,2014,1508,6,23038.96304170000,39831147.43050000000
186,20,186,ND 16-2014,-97.94290000000,48.40668000000,7,2014,1190,6,22764.83131760000,38695268.54450000000
187,8,187,ND 17-2014,-97.97775000000,47.60442000000,7,2014,1478,6,22910.37921370000,39294509.04730000000
188,20,188,ND 23-2014,-98.05963000000,46.89377000000,7,2014,1493,6,23035.99512670000,39818684.93260000000
189,0,189,IN 04-2014,-86.36577000000,38.56671000000,8,2014,0,0,24310.73900530000,45471705.68730000000
190,0,190,IN 05-2014,-85.95628000000,38.26570000000,9,2014,0,0,24350.97749510000,45658416.22280000000
191,0,191,IN 11-2014,-84.98321000000,39.00124000000,10,2014,0,0,24252.01886390000,45199926.75430000000
192,0,192,IN 12-2014,-85.09232000000,39.12032000000,10,2014,0,0,24235.79521430000,45124987.42490000000
193,0,193,IN 19-2014,-86.18929000000,38.79095000000,11,2014,0,0,24280.53029080000,45331783.75750000000
194,0,194,IN 20-2014,-86.18609000000,38.80201000000,11,2014,0,0,24279.03587670000,45324867.53420000000
195,0,195,IN 21-2014,-86.22834000000,38.84316000000,11,2014,0,0,24273.46801890000,45299104.25930000000
196,0,196,IN 22-2014,-86.22511000000,38.84294000000,11,2014,0,0,24273.49853180000,45299245.36490000000
197,0,197,IN 23-2014,-86.17693000000,38.80366000000,11,2014,0,0,24278.81241780000,45323833.55860000000
198,0,198,IN 24-2014,-86.22595000000,38.84333000000,11,2014,0,0,24273.44580520000,45299001.52280000000
199,0,199,NV 09-2013,-118.47141000000,39.29219000000,10,2014,0,0,24212.27978660000,45016483.21330000000
200,0,200,CA 40-2013,-119.66472000000,35.55806000000,2,2014,0,0,24697.62302510000,47279969.20380000000
201,0,201,NV 17-2013,-115.30812000000,36.23428000000,11,2014,0,0,24613.54600300000,46884857.00080000000
202,0,202,NV 08-2013,-119.70328000000,39.37000000000,10,2014,0,0,24201.59393680000,44967224.75270000000
203,0,203,NV 23-2013,-118.44241000000,40.23927000000,10,2014,0,0,24080.49996730000,44411175.65290000000
204,0,204,NV 05-2013,-119.16403000000,38.85401000000,10,2014,0,0,24272.00150620000,45292317.76830000000
205,0,205,NV 19-2013,-115.12143000000,36.18519000000,11,2014,0,0,24619.70344280000,46913761.00200000000
206,0,206,NV 22-2013,-119.71828000000,39.40981000000,10,2014,0,0,24196.11581590000,44941984.02500000000
207,0,207,NV 01-2013,-118.55301000000,39.53732000000,10,2014,0,0,24178.52929690000,44861006.83140000000
208,0,208,NV 21-2013,-115.66916000000,35.80177000000,11,2014,0,0,24667.50602220000,47138332.55010000000
209,0,209,NV 16-2013,-119.89938000000,39.50517000000,10,2014,0,0,24182.96978230000,44881445.28660000000
210,0,210,NV 10-2013,-118.26010000000,40.14058000000,10,2014,0,0,24094.40722010000,44474828.41290000000
211,0,211,NV 04-2013,-119.09478000000,39.35294000000,10,2014,0,0,24203.93837900000,44978029.31630000000
212,0,212,NV 02-2013,-118.52929000000,39.53732000000,10,2014,0,0,24178.52935700000,44861007.04570000000
213,0,213,NV 14-2013,-119.44305000000,39.29265000000,10,2014,0,0,24212.21632880000,45016190.35440000000
214,0,214,NV 07-2013,-115.66916000000,35.80177000000,11,2014,0,0,24667.50602220000,47138332.55010000000
215,0,215,NV 13-2013,-118.53900000000,39.51903000000,10,2014,0,0,24181.05573630000,44872634.84220000000
216,0,216,NV 24-2013,-119.23700000000,39.59313000000,10,2014,0,0,24170.81079120000,44825492.83840000000
217,0,217,CA 44-2013,-119.28028000000,36.43194000000,2,2014,0,0,24588.66454610000,46768115.94970000000
218,0,218,NV 11-2013,-118.44197000000,40.22832000000,10,2014,0,0,24082.04559800000,44418247.13520000000
219,0,219,NV 03-2013,-115.30812000000,36.23428000000,11,2014,0,0,24613.54600300000,46884857.00080000000
220,0,220,NV 06-2013,-119.73315000000,39.36995000000,10,2014,0,0,24201.60045650000,44967254.82920000000
221,0,221,CA 48-2013,-119.90012000000,36.50006000000,1,2014,0,0,24580.05819390000,46727757.82980000000
222,0,222,NV 20-2013,-119.44305000000,39.29265000000,10,2014,0,0,24212.21632880000,45016190.35440000000
223,0,223,AR 01-2014,-93.75719000000,34.05800000000,8,2014,0,0,24878.54015770000,48132636.90830000000
224,0,224,AR 02-2014,-91.27339000000,34.20616000000,7,2014,0,0,24861.00400020000,48049888.14470000000
225,0,225,AR 03-2014,-90.29646000000,36.15002000000,9,2014,0,0,24624.10806440000,46934442.04260000000
226,0,226,AR 04-2014,-92.47367000000,34.63715000000,9,2014,0,0,24809.58261200000,47807340.39310000000
227,0,227,AR 05-2014,-93.83949000000,33.95119000000,9,2014,0,0,24891.13790610000,48192090.74170000000
228,0,228,AR 06-2014,-91.83297000000,34.19351000000,9,2014,0,0,24862.50408550000,48056966.07530000000
229,0,229,AR 07-2014,-92.17805000000,34.81314000000,8,2014,0,0,24788.40769870000,47707513.06320000000
230,0,230,AR 08-2014,-90.58036000000,35.77304000000,9,2014,0,0,24671.06497650000,47155065.77200000000
231,0,231,AR 09-2014,-93.44539000000,36.45593000000,9,2014,0,0,24585.63362210000,46753903.47080000000
232,0,232,AR 10-2014,-91.25773000000,33.60537000000,10,2014,0,0,24931.67236740000,48383425.09330000000
233,0,233,AR 11-2014,-93.01196000000,34.49452000000,7,2014,0,0,24826.66768850000,47887910.04070000000
234,0,234,AR 12-2014,-93.07668000000,36.45831000000,10,2014,0,0,24585.33290610000,46752493.34700000000
235,0,235,AR 13-2014,-91.21500000000,33.40914000000,10,2014,0,0,24954.50292820000,48491207.31940000000
236,0,236,AR 15-2014,-91.84969000000,34.52230000000,10,2014,0,0,24823.34519000000,47872240.37880000000
237,1,237,AR 16-2014,-91.59407000000,35.10060000000,10,2014,16823,6,24753.59721140000,47543482.08720000000
238,0,238,AR 17-2014,-94.34949000000,36.01017000000,9,2014,0,0,24641.58653940000,47016528.69930000000
239,0,239,AR 18-2014,-91.56116000000,34.93955000000,9,2014,0,0,24773.13408510000,47635529.18790000000
240,0,240,AR 19-2014,-93.05815000000,35.39298000000,8,2014,0,0,24717.90315370000,47375406.04260000000
241,0,241,AR 20-2014,-92.09505000000,34.74686000000,8,2014,0,0,24796.39453190000,47745162.23050000000
242,0,242,AR 21-2014,-91.51321000000,35.18914000000,9,2014,0,0,24742.81888550000,47492715.77360000000
243,0,243,AR 22-2014,-91.96399000000,34.31339000000,9,2014,0,0,24848.26780130000,47989798.56500000000
244,0,244,AR 24-2014,-91.83788000000,35.73436000000,6,2014,0,0,24675.85481030000,47177586.47560000000
245,171,245,SD 07-2013,-100.19429000000,44.37868000000,7,2014,3502,6,23457.25026000000,41622633.56400000000
246,1,246,SD 13-2013,-98.27612000000,44.59267000000,6,2014,3497,6,23422.75133150000,41472299.12220000000
247,1,247,SD 08-2013,-96.75490000000,45.35171000000,6,2014,3304,6,23298.42353350000,40934304.07190000000
248,0,248,SD 06-2013,-97.01624000000,45.32945000000,6,2014,0,0,23302.11394000000,40950187.10320000000
249,172,249,SD 12-2013,-98.49851000000,44.57894000000,6,2014,3329,6,23424.97293210000,41481966.49200000000
250,1,250,SD 14-2013,-98.18696000000,43.96377000000,6,2014,4627,6,23523.45993320000,41912407.30200000000
251,4445,251,SD 05-2013,-100.14094000000,43.90876000000,6,2014,3684,6,23532.17240340000,41950659.84000000000
252,0,252,SD 09-2013,-96.67473000000,45.01669000000,6,2014,0,0,23353.68050600000,41172677.30490000000
253,1,253,SD 10-2013,-96.67787000000,44.73566000000,6,2014,3320,6,23399.56612470000,41371520.42500000000
254,4,254,SD 11-2013,-102.00288000000,45.03206000000,6,2014,3305,6,23351.15917030000,41161774.35620000000
255,0,255,SD 22-2013,-102.93746000000,44.50635000000,6,2014,0,0,23436.69688570000,41533014.60220000000
256,5,256,SD 01-2014,-98.59950000000,43.32593000000,9,2014,8297,6,23623.53712890000,42353481.06090000000
257,0,257,SD 02-2014,-98.49070000000,43.25303000000,9,2014,0,0,23634.84535920000,42403549.04900000000
258,0,258,SD 03-2014,-97.65231000000,43.58980000000,9,2014,0,0,23582.38369430000,42171661.33460000000
259,0,259,SD 04-2014,-96.94849000000,43.08736000000,9,2014,0,0,23660.44722260000,42517072.12070000000
260,0,260,SD 05-2014,-97.02851000000,43.34762000000,10,2014,0,0,23620.16698830000,42338568.62510000000
261,3,261,SD 15-2014,-99.17844000000,43.24770000000,9,2014,8802,6,23635.67134230000,42407207.91220000000
262,4,262,SD 16-2014,-103.34289000000,44.61739000000,10,2014,3313,6,23418.75165590000,41454899.10980000000
263,1,263,SD 17-2014,-103.25460000000,43.68408000000,10,2014,8130,6,23567.59500840000,42106473.73200000000
264,11,264,SD 18-2014,-103.26436000000,43.84914000000,10,2014,3673,6,23541.59648430000,41992068.45180000000
265,8,265,SD 19-2014,-103.34458000000,44.51261000000,9,2014,3321,6,23435.68694490000,41528615.06380000000
266,4,266,SD 20-2014,-103.74521000000,44.68847000000,9,2014,3309,6,23407.23049490000,41404811.94570000000
267,3,267,SD 21-2014,-103.70816000000,44.54530000000,9,2014,3317,6,23430.40952050000,41505631.72450000000
268,165,268,SD 22-2014,-100.20661000000,43.38953000000,9,2014,8132,6,23613.64945210000,42309740.36740000000
269,489,269,SD 23-2014,-100.43163000000,43.22991000000,9,2014,8303,6,23638.42670920000,42419415.21890000000
270,11,270,SD 24-2014,-99.71122000000,43.25456000000,9,2014,8302,6,23634.60854120000,42402499.93780000000
271,0,271,VA 15-2013,-77.46023000000,36.87695000000,5,2014,0,0,24532.12940820000,46503224.39750000000
272,0,272,OH 07-2013,-83.57298000000,39.37324000000,9,2014,0,0,24201.14562820000,44965161.17170000000
273,0,273,VA 22-2013,-80.58161000000,37.19841000000,5,2014,0,0,24490.84178170000,46310116.18370000000
274,0,274,VA 17-2014,-77.43810000000,37.22590000000,9,2014,0,0,24487.29309660000,46293533.02460000000
275,0,275,VA 20-2014,-79.90200000000,37.13130000000,9,2014,0,0,24499.49274150000,46350552.61610000000
276,0,276,VA 21-2014,-79.94910000000,37.03660000000,9,2014,0,0,24511.67205570000,46407504.31470000000
277,0,277,VA 22-2014,-79.03893000000,36.98698000000,10,2014,0,0,24518.04026700000,46437293.30040000000
278,0,278,IA 15-2013,-94.00841000000,41.51786000000,6,2014,0,0,23896.49278990000,43574422.74810000000
279,0,279,IA 21-2013,-93.64257000000,41.90825000000,6,2014,0,0,23838.85576160000,43314511.61400000000
280,0,280,IA 13-2013,-93.70780000000,41.79834000000,6,2014,0,0,23855.15340730000,43387894.87140000000
281,0,281,IA 24-2013,-93.55768000000,41.48535000000,6,2014,0,0,23901.26121590000,43595974.07060000000
282,0,282,IA 10-2013,-93.47227000000,41.55899000000,6,2014,0,0,23890.45307400000,43547136.41020000000
283,0,283,IA 14-2013,-91.68917000000,41.00167000000,6,2014,0,0,23971.64510760000,43914917.32640000000
284,0,284,IA 05-2013,-94.80730000000,41.85258000000,6,2014,0,0,23847.11763990000,43351701.26460000000
285,0,285,IA 22-2013,-93.61980000000,42.06081000000,6,2014,0,0,23816.14161750000,43212383.27350000000
286,0,286,IA 19-2013,-93.75622000000,41.44894000000,6,2014,0,0,23906.59602250000,43620093.75000000000
287,0,287,IA 16-2013,-93.71956000000,41.64692000000,6,2014,0,0,23877.51536090000,43488725.65360000000
288,0,288,IA 18-2013,-93.82401000000,41.54430000000,6,2014,0,0,23892.61101590000,43556884.38750000000
289,0,289,IA 20-2013,-93.40089000000,41.78578000000,6,2014,0,0,23857.01234960000,43396270.64330000000
290,0,290,IA 23-2013,-93.58110000000,42.10706000000,6,2014,0,0,23809.23426090000,43181360.26990000000
291,0,291,IA 04-2013,-94.75785000000,41.45756000000,6,2014,0,0,23905.33301580000,43614382.57200000000
292,0,292,TN 22-2013,-84.08257000000,35.76490000000,5,2014,0,0,24672.07302580000,47159805.46630000000
293,0,293,TN 05-2013,-84.14691000000,36.27886000000,5,2014,0,0,24607.94418140000,46858567.88840000000
294,0,294,TN 01-2013,-84.26135000000,35.58094000000,5,2014,0,0,24694.80125020000,47266696.50730000000
295,0,295,TN 20-2013,-83.36366000000,36.06083000000,6,2014,0,0,24635.26200780000,46986821.37520000000
296,0,296,CA 28-2013,-122.01672000000,40.50023000000,4,2014,0,0,24043.52469610000,44242213.03900000000
297,0,297,CA 15-2013,-122.38344000000,40.30004000000,4,2014,0,0,24071.91529430000,44371911.27700000000
298,112,298,CA 25-2013,-122.06550000000,39.80933000000,2,2014,8805,6,24140.78805560000,44687506.76240000000
299,0,299,CA 27-2013,-120.88357000000,39.01688000000,3,2014,0,0,24249.89388980000,45190105.22170000000
300,0,300,CA 29-2013,-120.86985000000,37.07799000000,3,2014,0,0,24506.35571260000,46382638.79030000000
301,1014,301,CA 18-2013,-122.05011000000,39.63342000000,4,2014,9782,6,24165.23063460000,44799827.41800000000
302,5,302,CA 13-2013,-122.18645000000,39.72402000000,4,2014,8920,6,24152.65788000000,44742031.54970000000
303,9,303,CA 21-2013,-122.20013000000,39.71687000000,4,2014,8917,6,24153.65052260000,44746593.17920000000
304,0,304,CA 17-2013,-122.23007000000,40.61303000000,4,2014,0,0,24027.45108780000,44168888.40200000000
305,0,305,CA 24-2013,-121.15013000000,39.03347000000,3,2014,0,0,24247.63563990000,45179671.13990000000
306,367,306,CA 19-2013,-121.81680000000,39.70015000000,6,2014,10170,6,24155.97327250000,44757268.08440000000
307,5354,307,CA 23-2013,-121.81081000000,38.44547000000,2,2014,11463,6,24326.99169840000,45547072.53610000000
308,0,308,CA 41-2013,-120.51691000000,37.36680000000,1,2014,0,0,24469.06419000000,46208382.37060000000
309,0,309,CA 37-2013,-120.50019000000,37.36669000000,1,2014,0,0,24469.07839820000,46208448.76510000000
310,0,310,CA 22-2013,-122.56673000000,39.36673000000,5,2014,0,0,24202.04278900000,44969293.16680000000
311,0,311,CA 32-2013,-120.16155000000,37.05489000000,1,2014,0,0,24509.32505800000,46396525.03460000000
312,0,312,CA 47-2013,-120.05020000000,36.53356000000,1,2014,0,0,24575.81826240000,46707879.65960000000
313,0,313,CA 34-2013,-120.14431000000,37.05344000000,1,2014,0,0,24509.51142280000,46397396.54260000000
314,0,314,CA 31-2013,-120.53342000000,37.36677000000,1,2014,0,0,24469.06813290000,46208400.90860000000
315,0,315,CA 20-2013,-122.23743000000,40.61405000000,1,2014,0,0,24027.30513110000,44168222.80070000000
316,0,316,CA 39-2013,-120.30010000000,37.08348000000,1,2014,0,0,24505.64973699990,46379337.50640000000
317,0,317,CA 30-2013,-120.54724000000,37.34712000000,1,2014,0,0,24471.61494740000,46220293.46370000000
318,0,318,CA 36-2013,-120.53356000000,37.38356000000,1,2014,0,0,24466.89001730000,46198230.97520000000
319,0,319,CA 35-2013,-120.55025000000,37.40007000000,1,2014,0,0,24464.74850180000,46188232.88850000000
320,856,320,CA 16-2013,-121.98346000000,39.71694000000,5,2014,8925,6,24153.64178810000,44746553.01610000000
321,0,321,CA 14-2013,-122.03354000000,40.60003000000,6,2014,0,0,24029.30635700000,44177347.80000000000
322,0,322,CA 33-2013,-120.14467000000,37.06106000000,1,2014,0,0,24508.53222380000,46392817.02960000000
323,3,323,CA 12-2013,-121.70008000000,39.63351000000,4,2014,11163,6,24165.21819210000,44799770.16380000000
324,112,324,CA 11-2013,-122.06557000000,39.80938000000,2,2014,8805,6,24140.78049390000,44687471.98250000000
325,0,325,CA 38-2013,-120.45023000000,37.75003000000,1,2014,0,0,24419.09779150000,45975319.05200000000
326,297,326,CA 26-2013,-121.75007000000,39.13334000000,5,2014,11166,6,24234.01968160000,45116787.65620000000
327,0,327,CA 03-2014,-117.13591000000,33.11486000000,10,2014,0,0,24988.51466600000,48651780.08220000000
328,0,328,CA 04-2014,-116.83327000000,33.55093000000,10,2014,0,0,24938.02098420000,48413394.12020000000
329,0,329,CA 07-2014,-117.16240000000,33.20887000000,10,2014,0,0,24977.67977580000,48600626.99750000000
330,0,330,CA 10-2014,-116.77980000000,33.48459000000,10,2014,0,0,24945.74097530000,48449839.88800000000
331,0,331,MN 13-2013,-92.64803000000,44.08264000000,6,2014,0,0,23504.58052720000,41829612.89010000000
332,0,332,MN 02-2013,-92.49813000000,44.19013000000,6,2014,0,0,23487.44722150000,41754590.53250000000
333,0,333,MN 07-2013,-92.57511000000,43.91812000000,6,2014,0,0,23530.69010140000,41944149.98220000000
334,0,334,MN 09-2014,-92.25279000000,43.77971000000,10,2014,0,0,23552.54852080000,42040232.55330000000
335,0,335,MN 18-2014,-92.63944000000,44.19329000000,10,2014,0,0,23486.94276650000,41752383.46110000000
336,0,336,OR 01-2014,-122.62340000000,45.27686000000,10,2014,0,0,23310.82417720000,40987694.53180000000
337,0,337,OR 02-2014,-121.56304000000,45.55880000000,9,2014,0,0,23263.96311670000,40786246.91640000000
338,0,338,OR 03-2014,-123.24506000000,44.61737000000,9,2014,0,0,23418.75637730000,41454918.49290000000
339,0,339,OR 06-2014,-119.61255000000,45.63616000000,10,2014,0,0,23251.02788300000,40730792.58290000000
340,0,340,OR 10-2014,-123.21581000000,45.23775000000,9,2014,0,0,23317.29015550000,41015557.97060000000
341,0,341,OR 11-2014,-123.19270000000,42.57345000000,8,2014,0,0,23739.02049900000,42866922.91670000000
342,0,342,OR 15-2014,-122.64633000000,44.98929000000,9,2014,0,0,23358.17398110000,41192112.29730000000
343,0,343,OR 17-2014,-122.98872000000,44.42328000000,9,2014,0,0,23450.08163050000,41591356.72500000000
344,0,344,OR 18-2014,-122.56758000000,45.11192000000,9,2014,0,0,23338.03707000000,41105071.37310000000
345,0,345,OR 20-2014,-122.78213000000,45.68046000000,9,2014,0,0,23243.60496240000,40698999.25830000000
346,0,346,OR 22-2014,-123.20305000000,44.67668000000,10,2014,0,0,23409.14453630000,41413128.57450000000
347,2,347,OR 24-2014,-120.02765000000,45.70434000000,10,2014,1440,6,23239.59942480000,40681852.42160000000
348,0,348,UT 23-2013,-110.14052000000,39.01459000000,6,2014,0,0,24250.20457570000,45191541.62400000000
349,0,349,UT 20-2013,-109.56524000000,38.58666000000,5,2014,0,0,24308.06101480000,45459291.55050000000
350,0,350,UT 21-2013,-110.06799000000,40.27167000000,6,2014,0,0,24075.92434380000,44390245.90260000000
351,0,351,UT 22-2013,-109.48186000000,40.60261000000,5,2014,0,0,24028.93721780000,44175665.51860000000
352,0,352,UT 24-2013,-109.56663000000,37.28725000000,6,2014,0,0,24479.36563080000,46256494.02690000000
353,0,353,UT feral-2013,-109.53910000000,37.04587000000,6,2014,0,0,24510.48241990000,46401938.60800000000
354,0,354,UT 01-2014,-112.10854000000,41.09125000000,7,2014,0,0,23958.68984700000,43856093.06070000000
355,0,355,UT 02-2014,-112.16323000000,41.70510000000,9,2014,0,0,23868.93633900000,43450022.25410000000
356,0,356,UT 03-2014,-111.90745000000,40.42469000000,9,2014,0,0,24054.25767460000,44291218.04650000000
357,0,357,UT 04-2014,-111.64823000000,40.26836000000,9,2014,0,0,24076.39255330000,44392387.13230000000
358,0,358,UT 05-2014,-112.07247000000,40.81283000000,9,2014,0,0,23998.84419940000,44038581.08320000000
359,0,359,UT 06-2014,-111.90176000000,41.01609000000,10,2014,0,0,23969.56245600000,43905456.56550000000
360,0,360,OH 16-2013,-83.31432000000,39.49367000000,10,2014,0,0,24184.55526490000,44888746.32000000000
361,0,361,OH 19-2013,-81.89018000000,40.91931000000,8,2014,0,0,23983.52625060000,43968909.35490000000
362,0,362,OH 21-2013,-84.42543000000,39.49214000000,8,2014,0,0,24184.76625750000,44889717.69640000000
363,0,363,OH 23-2013,-84.46534000000,41.27574000000,9,2014,0,0,23931.89129590000,43734582.09570000000
364,0,364,OH 11-2013,-83.45453000000,40.28373000000,8,2014,0,0,24074.21888240000,44382447.44090000000
365,0,365,OH 04-2013,-84.19461000000,39.38341000000,7,2014,0,0,24199.74672510000,44958714.98050000000
366,0,366,OH 13-2013,-84.11093000000,39.45151000000,9,2014,0,0,24190.36893060000,44915515.54560000000
367,0,367,OH 22-2013,-84.09390000000,39.54400000000,10,2014,0,0,24177.60328680000,44856747.21850000000
368,0,368,TX 19-2013,-94.99660000000,30.49798000000,4,2014,0,0,25279.36147490000,50022459.12550000000
369,0,369,TX 20-2013,-94.71198000000,30.04710000000,5,2014,0,0,25327.45855810000,50248145.47320000000
370,0,370,TX 21-2013,-94.66196000000,33.18754000000,5,2014,0,0,24980.13877320000,48612237.84130000000
371,0,371,TX 18-2013,-97.90369000000,28.53201000000,4,2014,0,0,25484.97665860000,50983658.31240000000
372,0,372,TX 01-2014,-97.18144000000,30.97339000000,9,2014,0,0,25228.02401470000,49781141.32570000000
373,0,373,TX 02-2014,-97.25409000000,30.95454000000,9,2014,0,0,25230.07149360000,49790773.16440000000
374,1,374,TX 03-2014,-99.05357000000,31.38628000000,9,2014,16824,6,25182.90785850000,49568767.87300000000
375,0,375,TX 04-2014,-95.01139000000,30.04167000000,9,2014,0,0,25328.03462900000,50250845.95250000000
376,0,376,TX 05-2014,-94.33722000000,30.02167000000,9,2014,0,0,25330.15451110000,50260782.85370000000
377,0,377,TX 06-2014,-94.27972000000,30.29361000000,9,2014,0,0,25301.23304770000,50125139.67470000000
378,0,378,TX 09-2014,-94.84467000000,33.09468000000,10,2014,0,0,24990.83520580000,48662737.06800000000
379,1,379,TX 10-2014,-98.96349000000,29.04648000000,12,2014,16826,6,25432.18649340000,50737873.03870000000
380,12,380,TX 11-2014,-99.09292000000,28.93847000000,12,2014,16827,6,25443.32794430000,50789812.47570000000
381,0,381,TX 12-2014,-95.67700000000,29.36834000000,12,2014,0,0,25398.79782540000,50582024.42110000000
382,0,382,TN 24-2013,-85.41554000000,35.81892000000,5,2014,0,0,24665.37678740000,47128325.00040000000
383,0,383,TN 16-2013,-88.12879000000,35.92472000000,5,2014,0,0,24652.23141760000,47066542.51500000000
384,0,384,TN 08-2013,-89.62509000000,35.34449000000,4,2014,0,0,24723.84323520000,47403367.81430000000
385,0,385,MI 01-2014,-82.74083000000,43.66562000000,10,2014,0,0,23570.49326090000,42119243.36760000000
386,1,386,MI 04-2014,-83.87299000000,43.00225000000,10,2014,8131,6,23673.54802830000,42575254.03010000000
387,0,387,MI 05-2014,-85.03512000000,43.16694000000,10,2014,0,0,23648.16602900000,42462586.43900000000
388,0,388,MI 06-2014,-86.35946000000,42.09505000000,10,2014,0,0,23811.02852460000,43189417.52740000000
389,0,389,MI 07-2014,-84.06385000000,42.87864000000,10,2014,0,0,23692.51211660000,42659582.02540000000
390,0,390,MI 08-2014,-84.14498000000,43.31765000000,10,2014,0,0,23624.82198270000,42359168.01080000000
391,0,391,MI 09-2014,-82.74083000000,43.66562000000,10,2014,0,0,23570.49326090000,42119243.36760000000
392,0,392,MI 10-2014,-85.39344000000,43.36537000000,10,2014,0,0,23617.40704270000,42326359.40510000000
393,0,393,MI 11-2014,-86.31859000000,41.97840000000,10,2014,0,0,23828.42442030000,43267588.72480000000
394,0,394,MI 13-2014,-84.92442000000,43.19578000000,10,2014,0,0,23643.70741340000,42442818.95150000000
395,0,395,MI 14-2014,-83.20382000000,43.59318000000,10,2014,0,0,23581.85348290000,42169323.48260000000
396,0,396,MI 15-2014,-83.35245000000,43.33697000000,10,2014,0,0,23621.82110600000,42345887.93900000000
397,0,397,MI 16-2014,-85.50550000000,43.61250000000,10,2014,0,0,23578.82593610000,42155972.27840000000
398,0,398,MI 17-2014,-84.87324000000,43.00237000000,10,2014,0,0,23673.52961360000,42575172.27950000000
399,0,399,MI 18-2014,-85.66281000000,43.63969000000,9,2014,0,0,23574.56335660000,42137180.31250000000
400,0,400,MI 19-2014,-86.35946000000,42.09505000000,10,2014,0,0,23811.02852460000,43189417.52740000000
401,0,401,MI 20-2014,-84.90599000000,43.17963000000,10,2014,0,0,23646.20466590000,42453889.82950000000
402,0,402,MI 21-2014,-83.20382000000,43.59318000000,10,2014,0,0,23581.85348290000,42169323.48260000000
403,0,403,MI 22-2014,-85.19697000000,42.85760000000,9,2014,0,0,23695.73274900000,42673915.84560000000
404,0,404,MI 23-2014,-84.32879000000,43.64251000000,10,2014,0,0,23574.12007340000,42135226.58510000000
405,0,405,MI 24-2014,-84.15154000000,43.34297000000,10,2014,0,0,23620.88905850000,42341763.64070000000
406,0,406,IN 01-2014,-85.93084000000,40.73899000000,7,2014,0,0,24009.43484280000,44086795.52770000000
407,0,407,IN 02-2014,-86.18000000000,40.74331000000,7,2014,0,0,24008.81590130000,44083976.93250000000
408,0,408,IN 03-2014,-86.48875000000,39.86450000000,8,2014,0,0,24133.09248790000,44652179.50010000000
409,0,409,IN 06-2014,-86.32044000000,39.52743000000,9,2014,0,0,24179.89393910000,44867289.41770000000
410,0,410,IN 07-2014,-85.78538000000,40.68810000000,9,2014,0,0,24016.72153610000,44119987.25960000000
411,0,411,IN 08-2014,-85.75021000000,40.65823000000,9,2014,0,0,24020.99216160000,44139447.78320000000
412,0,412,IN 09-2014,-85.64566000000,40.66455000000,9,2014,0,0,24020.08902480000,44135331.95010000000
413,0,413,IN 10-2014,-85.57665000000,40.69737000000,9,2014,0,0,24015.39476890000,44113942.50320000000
414,0,414,IN 13-2014,-85.10398000000,39.19544000000,10,2014,0,0,24225.53143300000,45077612.03220000000
415,0,415,IN 14-2014,-85.76272000000,39.74056000000,10,2014,0,0,24150.35532140000,44731453.92180000000
416,0,416,IN 15-2014,-86.41305000000,41.44717000000,10,2014,0,0,23906.85441070000,43621262.49800000000
417,0,417,IN 16-2014,-86.48573000000,39.74847000000,11,2014,0,0,24149.25613510000,44726403.80580000000
418,0,418,IN 17-2014,-86.44855000000,39.43136000000,11,2014,0,0,24193.14563750000,44928304.00870000000
419,0,419,IN 18-2014,-86.44855000000,39.43136000000,11,2014,0,0,24193.14563750000,44928304.00870000000
420,0,420,AL 09-2013,-88.11435000000,30.78766000000,5,2014,0,0,25248.15641730000,49875823.78360000000
421,0,421,AL 01-2013,-88.25680000000,30.89446000000,5,2014,0,0,25236.59119610000,49821440.01180000000
422,0,422,AL 06-2013,-87.56001000000,30.48254000000,5,2014,0,0,25281.01754830000,50030237.19200000000
423,0,423,FL 23-2013,-80.83334000000,28.65020000000,3,2014,0,0,25472.91077000000,50927553.26530000000
424,0,424,FL 22-2013,-81.98353000000,28.58361000000,1,2014,0,0,25479.71307200000,50959188.95630000000
425,0,425,FL 21-2013,-82.32141000000,27.68930000000,1,2014,0,0,25569.94126320000,51377391.91940000000
426,0,426,FL 24-2013,-80.28864000000,26.81311000000,3,2014,0,0,25656.34841020000,51775031.70860000000
427,0,427,FL 19-2013,-81.87650000000,28.03342000000,1,2014,0,0,25535.46927910000,51217944.32220000000
428,0,428,FL 20-2013,-81.71280000000,28.11011000000,1,2014,0,0,25527.74467730000,51182157.11080000000
429,0,429,FL 01-2014,-82.35750000000,28.03528000000,10,2014,0,0,25535.28210360000,51217077.37960000000
430,0,430,FL 02-2014,-82.04417000000,28.26417000000,10,2014,0,0,25512.18173200000,51109994.18070000000
431,0,431,FL 03-2014,-82.29361000000,28.38556000000,11,2014,0,0,25499.87520400000,51052874.14330000000
432,0,432,FL 04-2014,-82.10917000000,28.65167000000,11,2014,0,0,25472.76039790000,50926853.84300000000
433,0,433,FL 09-2014,-85.69514000000,30.19319000000,11,2014,0,0,25311.93695860000,50175360.43580000000
434,0,434,FL 10-2014,-82.01389000000,28.62611000000,12,2014,0,0,25475.37253320000,50939003.89550000000
435,0,435,FL 16-2014,-80.39619000000,27.42856000000,12,2014,0,0,25595.85791770000,51496976.37170000000
436,0,436,FL 20-2014,-80.84478000000,28.66527000000,12,2014,0,0,25471.36895150000,50920380.84390000000
437,0,437,FL 21-2014,-80.59369000000,27.78250000000,12,2014,0,0,25560.63530730000,51334390.46960000000
438,0,438,MN 18-2013,-95.02803000000,46.16996000000,6,2014,0,0,23160.86015240000,40346074.78060000000
439,0,439,MN 17-2013,-95.11298000000,46.29673000000,6,2014,0,0,23139.21064960000,40254184.74680000000
440,0,440,MN 23-2013,-94.85996000000,45.83677000000,6,2014,0,0,23217.32836040000,40586630.43540000000
441,181,441,MN 10-2013,-95.19548000000,46.38308000000,6,2014,3123,6,23124.41061550000,40191475.01500000000
442,0,442,MN 15-2013,-93.75385000000,44.98390000000,6,2014,0,0,23359.05605700000,41195930.11160000000
443,0,443,MN 24-2013,-94.41483000000,45.79106000000,6,2014,0,0,23225.02636830000,40619522.18410000000
444,0,444,MN 05-2013,-94.42300000000,44.03748000000,6,2014,0,0,23511.76159790000,41861089.29190000000
445,0,445,MN 14-2013,-94.71884000000,45.39269000000,6,2014,0,0,23291.62284080000,40905048.84470000000
446,0,446,MN 06-2013,-92.91317000000,45.09755000000,6,2014,0,0,23340.39936680000,41115275.66200000000
447,0,447,MN 01-2014,-95.59651000000,46.61980000000,10,2014,0,0,23083.61671020000,40019081.63670000000
448,0,448,MN 03-2014,-93.77678000000,44.95929000000,11,2014,0,0,23363.08677470000,41213373.01150000000
449,0,449,MN 15-2014,-93.18766000000,44.99118000000,10,2014,0,0,23357.86305570000,41190768.55590000000
450,0,450,AL 03-2013,-86.90719000000,31.65046000000,5,2014,0,0,25153.77916240000,49431529.99030000000
451,1,451,AL 12-2013,-87.67256000000,30.36959000000,7,2014,16825,6,25293.11519070000,50087038.78420000000
452,0,452,AL 04-2013,-85.99686000000,31.77557000000,4,2014,0,0,25139.91282950000,49366170.59370000000
453,0,453,AL 13-2013,-87.89433000000,30.43737000000,5,2014,0,0,25285.85988210000,50052976.27260000000
454,0,454,AL 07-2013,-85.70905000000,31.51954000000,5,2014,0,0,25168.23987670000,49499671.85150000000
